index,trajectory,theta,s,phi_L,phi_R,d_lookup_m,branch_exclusion,physical_dL,physical_dR,physical_d_min,physical_task_error,physical_joint_margin,physical_collision,valid_start
0,traj_0000,0.28276578628993,-0.05711383682748637,0.0,0.03500000014901161,0.005801717126512697,0,0.0089394622162157,0.0058006030568613,0.0058006030568613,1.2479381365662544e-05,0.4463049469108053,0,True
1,traj_0001,-0.6047136393955239,-0.1255288106650099,-0.025000000372529033,0.0,0.005268158678918291,0,0.0052674881921704,0.0382603275391862,0.0052674881921704,1.969241416710373e-05,0.238921546161829,0,True
2,traj_0002,-0.042171475782654344,-0.09384453553555511,0.0,0.0,0.008356617420906997,0,0.0083558511146875,0.0305909644040813,0.0083558511146875,1.3437049605205775e-05,0.4696492305261394,0,True
3,traj_0003,0.6153763819736826,-0.1277742246681602,0.0,0.0,0.005958816572963715,0,0.0083666446277169,0.0059577061505531,0.0059577061505531,1.8677251571455085e-05,0.4458061528346655,0,True
4,traj_0004,0.2624926178318787,-0.00787644104208901,0.0,0.06407845116408635,0.006099002184063474,0,0.0089468445923876,0.006098107785853,0.006098107785853,4.655734947200845e-06,0.4463079579173343,0,True
5,traj_0005,0.1749322745659121,-0.07449100742494792,0.0,0.020114383260160434,0.005344298447396492,0,0.0088218506400203,0.0053438955345153,0.0053438955345153,2.2732244958254007e-06,0.4462877392902902,0,True
6,traj_0006,-0.2734249802980372,-0.1324635452312805,-0.025000000372529033,0.0,0.005436988244602931,0,0.0054363470200313,0.0382289360439185,0.0054363470200313,1.6351525851742748e-05,0.3803170586413836,0,True
7,traj_0007,0.12282435626444588,-0.011729981803569989,0.0,0.030373141514529717,0.005330461761477654,0,0.0089557583032624,0.0053294893277131,0.0053294893277131,3.461005886036736e-06,0.4463281676223815,0,True
8,traj_0008,0.46838111282424977,-0.05957936540810087,0.0,0.03500000014901161,0.006431415937085612,0,0.0088999669216475,0.0064302965084819,0.0064302965084819,1.093746305394744e-05,0.4462003876207405,0,True
9,traj_0009,-0.14023657717175708,-0.12268154818506126,0.0,0.0,0.00802744661525505,0,0.0080351219612389,0.0382943583445733,0.0080351219612389,7.071299916426632e-06,0.4459723352754068,0,True
10,traj_0010,0.3341149038694088,-0.13733262318946982,0.0,0.0,0.008382940826135606,0,0.0083828896116997,0.0092290385737605,0.0083828896116997,1.1386573506657013e-05,0.4459097020196116,0,True
11,traj_0011,-0.43952842749776677,-0.037790223113888716,-0.04941955463837116,0.0,0.006159465420950418,0,0.0061590400119065,0.0364914649578256,0.0061590400119065,1.1265279055429803e-05,0.25745233638097,0,True
12,traj_0012,-0.7201829903198551,-0.06897302005071712,-0.03500000014901161,0.0,0.005683219350350788,0,0.0056825535794159,0.036861346610765,0.0056825535794159,1.3807731085916115e-05,0.1391803850063644,0,True
13,traj_0013,-0.01311907252695843,-0.1101644003908431,0.0,0.0,0.008328607300791014,0,0.0083279994995397,0.0292390522582569,0.0083279994995397,1.1625123898923838e-05,0.4746799065327629,0,True
14,traj_0014,0.8205833130303015,-0.026948226447950363,0.0,0.039999999105930335,0.005388739537773981,1,0.0089861174982014,0.0053877493762342,0.0053877493762342,3.828687907087979e-06,0.4461093275212308,0,True
15,traj_0015,-0.08319337693520745,-0.015970907393114686,0.0,0.0,0.008710365886276453,0,0.0087095832269879,0.0262516196733459,0.0087095832269879,9.982210433330002e-06,0.4338357958963184,0,True
16,traj_0016,-0.0343966758746489,-0.12356392801870683,0.0,0.0,0.008207469930815751,0,0.0082070955241178,0.0337279260160817,0.0082070955241178,5.801993724380716e-06,0.4613987361703306,0,True
17,traj_0017,-0.32309131732990903,-0.006745882802539738,-0.05999999865889549,0.0,0.0059406279153355794,0,0.0059400052838114,0.0363023840200351,0.0059400052838114,1.8024409876851408e-05,0.3182274461820108,0,True
18,traj_0018,-0.18377377206114676,-0.07676490187101564,-0.012647284775479752,0.0,0.005565274796258361,0,0.0055716023464488,0.0375128623249819,0.0055716023464488,1.695212374862671e-05,0.4141997246132439,0,True
19,traj_0019,0.42323436513354484,-0.008214543162588184,0.0,0.0599999986588955,0.006069629089884466,0,0.008950052236347,0.0060686168327998,0.0060686168327998,1.2831590431802924e-05,0.4462810186623327,0,True
20,traj_0020,-0.6516425809830176,-0.06410817147360133,-0.03500000014901161,0.0,0.005201645253675795,0,0.0052009810718018,0.0365664763194621,0.0052009810718018,1.5115266579294682e-05,0.1647198546277346,0,True
21,traj_0021,0.3900114514759736,-0.014358006597644218,0.0,0.05583972618524524,0.005549819122274695,0,0.0089589691969043,0.0055492278438931,0.0055492278438931,1.4686187872775625e-05,0.4462881184188802,0,True
22,traj_0022,-0.8547931691325368,-0.06284459995319921,-0.03500000014901161,0.0,0.005135954452080156,0,0.005135228623723,0.0375416504935951,0.005135228623723,5.123793947426065e-06,0.0800932915824824,0,True
23,traj_0023,-0.40866020372455486,-0.12386147104165965,-0.029999999329447746,0.0,0.006076384203231767,0,0.0060756244072486,0.0377706540366205,0.0060756244072486,1.9525080163050023e-05,0.3136021951754778,0,True
24,traj_0024,-0.13225845073143938,-0.11219522115916358,0.0,0.0,0.008102434970472363,0,0.0081017294709181,0.0381988391563981,0.0081017294709181,1.7053896992331328e-05,0.4460265313584501,0,True
25,traj_0025,-0.3957939475512387,-0.09318963500282637,-0.03500000014901161,0.0,0.006188670139089621,0,0.0062065148421837,0.0369877178394989,0.0062065148421837,1.5735901226797807e-05,0.3029062035613797,0,True
26,traj_0026,-0.29797020550668707,-0.023002745909489947,-0.054999999701976776,0.0,0.005851199878597257,0,0.0058506954147053,0.0364342153724288,0.0058506954147053,6.217570124778523e-06,0.3358747042086156,0,True
27,traj_0027,-0.433412716745924,-0.0877115416197051,-0.03500000014901162,0.0,0.005902036227487217,0,0.0059155743264591,0.0368317139568306,0.0059155743264591,1.1368727902540404e-05,0.2815778674365035,0,True
28,traj_0028,-0.5142672980167955,-0.1399695089770438,-0.02500000037252903,0.0,0.005622302590453922,0,0.0056216005399359,0.0382482417144996,0.0056216005399359,1.927778927158503e-05,0.2847204826101366,0,True
29,traj_0029,0.5739412746115907,-0.08736815161285197,0.0,0.019999999552965164,0.00568224943237527,0,0.0086775085720172,0.0056818739011052,0.0056818739011052,8.578226839858547e-06,0.4460193195225903,0,True
30,traj_0030,0.5245434944554829,-0.03399379921270951,0.0,0.04500000178813934,0.006146719951369292,0,0.0089973890684687,0.0061461440087588,0.0061461440087588,4.195047099175047e-06,0.4462634520414403,0,True
31,traj_0031,0.4079500725489451,-0.06697506205400018,0.0,0.02999999932944775,0.005888075620228258,0,0.0088608288666033,0.0058869143929994,0.0058869143929994,1.676883610443775e-05,0.4462018780923027,0,True
32,traj_0032,0.20567154819192757,-0.12046816454556236,0.0,0.0,0.007539159771463574,0,0.0085134843003056,0.0075376805727332,0.0075376805727332,1.3909565281245282e-05,0.4460539996237109,0,True
33,traj_0033,-0.5609470819708913,-0.018948912124692713,-0.05000000074505806,0.0,0.00561834363558518,0,0.0056180663880168,0.0360977251660313,0.0056180663880168,8.806180813829856e-06,0.1852995467944088,0,True
34,traj_0034,-0.04481648178913611,-0.10185472903041255,0.0,0.0,0.008306862998735095,0,0.0083061306158737,0.0319560026093017,0.0083061306158737,1.3564741612758116e-05,0.4657193153990997,0,True
35,traj_0035,0.23414352981759734,-0.05884469572297647,0.0,0.03500000014901161,0.006106083786178153,0,0.0089282999859275,0.0061048224724308,0.0061048224724308,1.666358944393891e-05,0.4463112236850712,0,True
36,traj_0036,0.727839815630209,-0.007904324683404795,0.0,0.05000000074505806,0.006030201049459671,0,0.008972244938058,0.0060299226398876,0.0060299226398876,1.4036921703478922e-05,0.4461909779520181,0,True
37,traj_0037,-0.18174379241090977,-0.06391422742487754,-0.015405853665526327,0.0,0.005681225543974466,0,0.0056863834579139,0.0372344222133136,0.0056863834579139,1.6397778046455892e-05,0.4133952715072944,0,True
38,traj_0038,0.631625408527678,-0.08775939413756907,0.0,0.019999999552965164,0.005772372940486343,0,0.008652791556618,0.0057719530531299,0.0057719530531299,1.2684079023027014e-05,0.4459839707893251,0,True
39,traj_0039,0.351525819742616,-0.06375374151028461,0.0,0.029999999329447746,0.005376953492265601,0,0.0088901338929603,0.0053757894091364,0.0053757894091364,9.687376573168163e-06,0.4462466836968517,0,True
40,traj_0040,0.37481665130227515,-0.09994033729938542,0.0,0.012439612503682815,0.0056163097279737775,0,0.0086397621593157,0.005615460015645,0.005615460015645,1.8989873693056973e-05,0.4460702634664437,0,True
41,traj_0041,-0.2623240855699617,-0.022795526296630536,-0.05499999970197677,0.0,0.005707655849798358,0,0.0057071223664053,0.0365064755864574,0.0057071223664053,4.304352408914177e-06,0.3576973003426335,0,True
42,traj_0042,-0.6049731414896031,-0.027654447406677912,-0.04500000178813934,0.0,0.005155863971752049,0,0.0051560916520339,0.0363454608677771,0.0051560916520339,1.50017466455166e-05,0.1657906309583278,0,True
43,traj_0043,0.7525682654434402,-0.13432847818469656,0.0,0.0,0.006802077168681917,0,0.0082403173786823,0.0068056296982393,0.0068056296982393,1.8397303555903287e-05,0.3766203628106296,0,True
44,traj_0044,-0.8633986572152286,-0.10906505259372734,-0.02500000037252903,0.0,0.005369370086611438,0,0.0053908766965153,0.038254847957638,0.0053908766965153,2.306943797885308e-05,0.1447004821372177,0,True
45,traj_0045,0.6607971800785093,-0.09161844320326915,0.0,0.019999999552965164,0.00629274113784828,0,0.0086126528101176,0.0062922744789721,0.0062922744789721,1.101244179011086e-05,0.4459495239819051,0,True
46,traj_0046,0.7904688847363486,-0.11448024303254091,0.0,0.006039513799924533,0.0054800781994099835,0,0.0083730645032494,0.0054790310043063,0.0054790310043063,2.2482348892081478e-05,0.3853624575138942,0,True
47,traj_0047,0.01970419224277775,-0.020134016410537053,0.0,0.0,0.008919970607614586,0,0.0089201735933533,0.0127610189687897,0.0089201735933533,8.201373789216244e-06,0.4549026049649449,0,True
48,traj_0048,-0.2724221661778947,-0.10931652415477944,-0.029999999329447743,0.0,0.005494057515836195,0,0.0054932097655116,0.0376384232859109,0.0054932097655116,1.7574583885222684e-05,0.3724519025121728,0,True
49,traj_0049,-0.46462888042865774,-0.029960588644146663,-0.05000000074505806,0.0,0.0058308607510027454,0,0.0058304885321954,0.0363070918208481,0.0058304885321954,1.614546964098097e-05,0.2411437905163096,0,True
50,traj_0050,0.3593662080083744,-0.03415337364966034,0.0,0.045000001788139336,0.005343247903721576,0,0.0089904672497196,0.0053451820448184,0.0053451820448184,1.6079880006765066e-05,0.4462946068829223,0,True
51,traj_0051,0.28543010665774404,-0.15926304349410642,0.0,0.0,0.00823071889278419,0,0.0082306697507491,0.0140656026730765,0.0082306697507491,2.0574649810528496e-05,0.4458186283509402,0,True
52,traj_0052,-0.6577103389013266,-0.1251880538582276,-0.02500000037252903,0.0,0.005467106435498811,0,0.0054669276960035,0.0382556124008565,0.0054669276960035,1.7408664639114605e-05,0.2217782536152038,0,True
53,traj_0053,-0.08409957338044916,-0.04391633111375219,0.0,0.0,0.00855088673998155,0,0.0085501713972964,0.0297026088556394,0.0085501713972964,9.372413289629873e-06,0.4458092915636962,0,True
54,traj_0054,-0.5441614916639237,-0.05544385864823445,-0.03999999910593033,0.0,0.005432828269300612,0,0.0054324311723466,0.0364243518676498,0.0054324311723466,1.0956108284649288e-05,0.2100802261884714,0,True
55,traj_0055,0.128303420986565,-0.05554438594167049,0.0,0.008512413500304116,0.005419881213720173,0,0.0089434971375675,0.0054200465557055,0.0054200465557055,1.532533987338324e-05,0.4463260093853804,0,True
56,traj_0056,-0.1247387969812489,-0.03074380848478578,0.0,0.0,0.006579296053407964,0,0.0067619882687695,0.0335482262308978,0.0067619882687695,8.567810848792675e-06,0.4336412309908894,0,True
57,traj_0057,-0.26203637672045876,-0.05655222705925449,-0.04500000178813934,0.0,0.005907629667199328,0,0.0059100245567929,0.0369340104049053,0.0059100245567929,4.058067856953184e-06,0.3637367002304938,0,True
58,traj_0058,-0.1280297398586625,-0.08965504997565273,0.0,0.0,0.008117492280963623,0,0.0082290425136347,0.037964736861033,0.0082290425136347,1.56465489968038e-05,0.4461348118826822,0,True
59,traj_0059,0.8154904933245053,-0.02059271075129454,0.0,0.04500000178813934,0.0062035681410182505,1,0.0090045051433664,0.0062029567172047,0.0062029567172047,1.3884443876226308e-05,0.4461360167235888,0,True
60,traj_0060,0.183911070074686,-0.13691394537563426,0.0,0.0,0.008400824332200157,0,0.0084007611789044,0.0113994550045542,0.0084007611789044,1.861132698919101e-05,0.4459820113095356,0,True
61,traj_0061,0.27471124003853387,-0.03136741348980823,0.0,0.05000000074505806,0.006038592373240259,0,0.0089848412174456,0.0060382352289501,0.0060382352289501,1.2595184587857847e-05,0.4463069523003964,0,True
62,traj_0062,0.4407860849716354,-0.04418796806654589,0.0,0.03999999910593033,0.005646271226732426,0,0.0090097362241359,0.0056452924437845,0.0056452924437845,1.3172515166107892e-05,0.4462794540182157,0,True
63,traj_0063,0.3942052242155636,-0.000982681731366536,0.0,0.0638477329113915,0.005875397624941877,0,0.0089373837950769,0.0058743552040958,0.0058743552040958,1.589045471546992e-05,0.4462854663779862,0,True
64,traj_0064,0.7132905970708117,-0.00648305631778151,0.0,0.050000000745058074,0.005728991431713397,0,0.0089682623772756,0.0057286665801789,0.0057286665801789,7.584160008518252e-06,0.4461963291072781,0,True
65,traj_0065,-0.35554337226949706,-0.03304361728149227,-0.05000000074505806,0.0,0.0055194837008422275,0,0.0055191372388439,0.0364575061316724,0.0055191372388439,1.5730844834171012e-05,0.3036327954165962,0,True
66,traj_0066,0.6197040216812765,-0.045987631096537654,0.0,0.03500000014901161,0.005362509613249102,0,0.0089492799537843,0.0053612634827767,0.0053612634827767,1.7585373688111415e-05,0.4461672978651982,0,True
67,traj_0067,0.44263187604780097,-0.04616932329482128,0.0,0.03999999910593033,0.005932946660747419,0,0.0089964874859973,0.0059319284539613,0.0059319284539613,1.5829910642704663e-05,0.4462725357328156,0,True
68,traj_0068,-0.4803437313064906,-0.14392192913045326,-0.02500000037252903,0.0,0.005727512099587785,0,0.0057268638240905,0.0382455046654027,0.0057268638240905,2.5417238127462455e-05,0.3003393977810531,0,True
69,traj_0069,-0.6358738112232958,-0.03316130717919272,-0.04500000178813934,0.0,0.005863606514831608,0,0.0058656887437974,0.0364525256529413,0.0058656887437974,1.5594417741376982e-05,0.1528820394499372,0,True
70,traj_0070,-0.6287515439778734,-0.03303842075964317,-0.04500000178813934,0.0,0.005837976702685212,0,0.0058399279982342,0.0364479332461596,0.0058399279982342,4.593072894592572e-06,0.1563580570784712,0,True
71,traj_0071,0.3517588861823753,-0.039906436815342214,0.0,0.04500000178813934,0.0061758225786555055,0,0.0089997131133115,0.0061767603125292,0.0061767603125292,9.631686774127839e-06,0.4462958905923979,0,True
72,traj_0072,-0.8496523297836308,-0.01267478779998138,-0.05000000074505806,0.0,0.0053577812543735,1,0.0053574441627461,0.0370642243142444,0.0053574441627461,1.3445130334283394e-05,0.0365756673842065,0,True
73,traj_0073,-0.6772415440759816,-0.0553129106263658,-0.039999999105930335,0.0,0.006131797785781689,1,0.0061313806116898,0.0365418489284571,0.0061313806116898,1.1421474993966107e-05,0.1468384488300813,0,True
74,traj_0074,-0.13642159653191543,-0.06047998686622463,0.0,0.0,0.00678282841953564,0,0.0070776439958899,0.0371399893185795,0.0070776439958899,1.0376042976483045e-05,0.4405655070226982,0,True
75,traj_0075,-0.6069120983740529,-0.03185651225828731,-0.04500000178813935,0.0,0.0055368073914045845,0,0.0055379431530101,0.0364453975832596,0.0055379431530101,1.2022966384525907e-05,0.166764964935597,0,True
76,traj_0076,0.07056950995251143,-0.1292004636985109,0.0,0.0,0.008422205858658145,0,0.0084219995542218,0.022389650387647,0.0084219995542218,6.070839409207903e-06,0.4499049603514842,0,True
77,traj_0077,-0.2563578660905522,-0.005349426819122427,-0.05999999865889549,0.0,0.005474608226257137,0,0.0054739220083128,0.0364435626016804,0.0054739220083128,1.611389066306727e-05,0.35948660747941,0,True
78,traj_0078,-0.059364679790858466,-0.0020058304060041054,0.0,0.0,0.008834947624248033,0,0.0088340510820246,0.0212651183907293,0.0088340510820246,1.2225862486203302e-05,0.4318126653850537,0,True
79,traj_0079,0.022226294896048215,-0.14511219651159105,0.0,0.0,0.008207284700372769,0,0.0082068133260787,0.0308088498352973,0.0082068133260787,1.117494871740228e-05,0.4652818188073988,0,True
80,traj_0080,0.14979784440745303,-0.10299491569802297,0.0,0.0,0.008174593474192311,0,0.0086307951239609,0.0081728778892415,0.0081728778892415,1.7082977279428915e-05,0.4461641089983503,0,True
81,traj_0081,0.27976450481637083,-0.10629404525039837,0.0,0.004999999888241291,0.005334786617145341,0,0.0086069904342723,0.0053337317535359,0.0053337317535359,4.782142495258572e-06,0.4460876459832241,0,True
82,traj_0082,0.7680929608994049,-0.03104635734158348,0.0,0.03999999910593032,0.005894374914078593,1,0.0089866759434587,0.005893343016349,0.005893343016349,3.310903552049331e-06,0.4461298535498354,0,True
83,traj_0083,-0.49694135327669964,-0.14809378844395657,-0.02500000037252903,0.0,0.005942411415503815,0,0.005941757950865,0.0382189143444975,0.005941757950865,2.5275947106495835e-05,0.2987289407488065,0,True
84,traj_0084,0.16142842943728297,-0.013568273133940018,0.0,0.051959287847768355,0.005990883983478989,0,0.0089575018057172,0.0059899206724743,0.0059899206724743,1.1815652734534967e-05,0.4463225465020157,0,True
85,traj_0085,0.32846877217594783,-0.13701070848981176,0.0,0.0,0.008386201925603968,0,0.0083861470822843,0.0092333151627108,0.0083861470822843,1.250904394805078e-05,0.4459140987139915,0,True
86,traj_0086,0.7488041545182773,-0.09102003604605016,0.0,0.017959927506464,0.005778040465746702,0,0.0085732232529177,0.0057771378014664,0.0057771378014664,9.767271960082026e-06,0.4458980659326363,0,True
87,traj_0087,0.3651679363745295,-0.015904581558088243,0.0,0.05499999970197678,0.005393772294231695,0,0.0089608428108437,0.0053930682738983,0.0053930682738983,5.295061488900588e-06,0.4462925750715129,0,True
88,traj_0088,0.1617687164534789,-0.13945321736915955,0.0,0.0,0.008383710598856873,0,0.0083836480670742,0.0138380035897916,0.0083836480670742,1.4784091116451545e-05,0.4459789186962179,0,True
89,traj_0089,0.5154799195462372,-0.0867664307820883,0.0,0.019999999552965164,0.0056194667341375685,0,0.0087002914373765,0.0056189510505005,0.0056189510505005,1.898682217519277e-05,0.4460550909058795,0,True
90,traj_0090,0.31020405520695427,-0.0011278046243207718,0.0,0.06499999761581421,0.005594451297180853,0,0.008936083446947,0.0055933405369857,0.0055933405369857,1.2178967422017758e-05,0.4463001679249736,0,True
91,traj_0091,0.4465711467251796,-0.13602960054664134,0.0,0.0,0.008023075641951104,0,0.0083668272155866,0.0080216235624298,0.0080216235624298,2.2182265114873284e-05,0.4458590278657617,0,True
92,traj_0092,-0.09553547232259207,-0.0903130966953013,0.0,0.0,0.008275884586133236,0,0.0082750790192062,0.0367244220338011,0.0082750790192062,1.4529046916823744e-05,0.4503669509519343,0,True
93,traj_0093,-0.3577340704668842,-0.11300429045282767,-0.029999999329447746,0.0,0.0055863152058809006,0,0.0055854848891699,0.0374733403629455,0.0055854848891699,1.814083449278005e-05,0.3311018351110721,0,True
94,traj_0094,-0.7921109403074701,-0.13715704510528987,-0.019999999552965164,0.0,0.005214732263335798,0,0.0052142791392377,0.0381559774491921,0.0052142791392377,2.606750579585463e-05,0.2122698257552793,0,True
95,traj_0095,-0.7267091654726338,-0.13262221168640553,-0.025000000372529026,0.0,0.006145689969319605,0,0.0061471394627217,0.0382174857619081,0.0061471394627217,1.9602012319256187e-05,0.2148014390699809,0,True
96,traj_0096,-0.609712790564275,-0.1030059676060491,-0.029999999329447746,0.0,0.005576244314940846,0,0.0055926612057521,0.037383373306563,0.0055926612057521,7.797863193842933e-06,0.2142873611952868,0,True
97,traj_0097,0.8115457925688125,-0.12148695669651195,0.0,0.0020260865616895246,0.0053988602973317375,0,0.0083042741993887,0.0053979894723995,0.0053979894723995,3.156653305874621e-05,0.3491641615345267,0,True
98,traj_0098,-0.5795195578385341,-0.009154469510450958,-0.05432494127726115,0.0,0.006310338426379748,0,0.0063097832327576,0.0359486809923781,0.0063097832327576,1.2030517086859123e-05,0.1719845644278303,0,True
99,traj_0099,0.0008641603412923304,-0.048985684573536886,0.0,0.0,0.008707181190178217,0,0.0087066354935544,0.0192547024612665,0.0087066354935544,6.471410346953277e-06,0.4632684654642298,0,True
100,traj_0100,0.4494707849059667,-0.03296072285260446,0.0,0.04500000178813934,0.005550058204330612,0,0.0089915854306076,0.0055495448130902,0.0055495448130902,1.2838715401454082e-05,0.4462790526494226,0,True
101,traj_0101,-0.6192404382244404,-0.022927077063804896,-0.04959013633199297,0.0,0.006373937831127891,0,0.0063747228139576,0.0362640102204689,0.0063747228139576,1.664636321455738e-05,0.1563633155860964,0,True
102,traj_0102,-0.15723240470789435,-0.07531689753962104,-8.749331328814492e-05,0.0,0.005308337449609485,0,0.0053087082821028,0.0375364159022519,0.0053087082821028,6.532857507380788e-06,0.4299807652475831,0,True
103,traj_0103,-0.4868026896706109,-0.050942284876562174,-0.04500000178813934,0.0,0.006205776978853782,0,0.0062079932942691,0.0364864313382556,0.0062079932942691,8.336076997460128e-06,0.2371150526804252,0,True
104,traj_0104,-0.7410837588482253,-0.1381484271162695,-0.019999999552965164,0.0,0.00507961992697096,0,0.0050791915248437,0.0381756304191243,0.0050791915248437,3.0182773417284088e-05,0.2218430847593122,0,True
105,traj_0105,-0.37710455617950933,-0.029550575189982414,-0.05000000074505806,0.0,0.005313442216393319,0,0.0053130844841079,0.0364025297250089,0.0053130844841079,1.6141500348133717e-05,0.2903268947619247,0,True
106,traj_0106,-0.8717833309774569,-0.11402061077770007,-0.025000000372529033,0.0,0.005652212540789896,0,0.0056689745864043,0.0382469667188074,0.0056689745864043,1.5078102849890477e-05,0.1525754979164425,0,True
107,traj_0107,0.6639372779258839,-0.021322863416297133,0.0,0.04500000178813936,0.005536170981594075,0,0.0089876867819333,0.0055355552909114,0.0055355552909114,3.6660573486390417e-06,0.4462209097917091,0,True
108,traj_0108,0.0853575632890915,-0.13252707211643563,0.0,0.0,0.008426091434126627,0,0.0084259729289348,0.0212893898701748,0.0084259729289348,8.028787286544439e-06,0.4464634778654481,0,True
109,traj_0109,0.18395616267204817,-0.015226461910454181,0.0,0.057699535235722015,0.005593128122222,0,0.0089596299350206,0.0055923642220211,0.0055923642220211,1.6399787933878954e-05,0.4463193794578992,0,True
110,traj_0110,0.5079471180849917,-0.06278916798759207,0.0,0.029999999329447743,0.005507983499618413,0,0.0088685476382082,0.0055069150886437,0.0055069150886437,8.66141570231216e-06,0.4461639878459096,0,True
111,traj_0111,-0.8562847863319419,-0.07882632544997442,-0.0323473488142594,0.0,0.005697473694097246,0,0.0056969731056136,0.0380673972153753,0.0056969731056136,9.021160391549955e-06,0.0993423881761228,0,True
112,traj_0112,-0.016714731386878623,-0.14613784565802393,0.0,0.0,0.008116281462736925,0,0.0081159666008876,0.0353353071896575,0.0081159666008876,5.884389800975293e-06,0.4582207589649984,0,True
113,traj_0113,-0.13527025510308022,-0.09877683260406717,0.0,0.0,0.0080668583158432,0,0.0081698347572192,0.0380253286266157,0.0081698347572192,1.3697435829109292e-05,0.4460892243237115,0,True
114,traj_0114,0.3592701761961081,-0.03219736528865583,0.0,0.045605271084558655,0.005213136758219213,0,0.0089872660730764,0.0052125551861568,0.0052125551861568,1.6537142765422295e-05,0.4462945699578426,0,True
115,traj_0115,-0.07063762132346885,-0.10533472923102458,0.0,0.0,0.008237442820400467,0,0.0082369806475016,0.0355580690424971,0.0082369806475016,7.313882698775237e-06,0.4545911790782406,0,True
116,traj_0116,-0.40825252376967464,-0.13511984428531568,-0.025000000372529026,0.0,0.005266004481717202,0,0.0052652781622699,0.0382632650182619,0.0052652781622699,1.808845169413323e-05,0.3210851687396629,0,True
117,traj_0117,-0.7174636546041858,-0.09392122266854887,-0.029999999329447746,0.0,0.005542316571425006,0,0.005541528958936,0.0375851245953812,0.005541528958936,1.0865626007430802e-05,0.1650087493748068,0,True
118,traj_0118,0.6668511298834632,-0.08342801504170991,0.0,0.019999999552965164,0.005286854678173004,0,0.0086685256442452,0.0052863585802412,0.0052863585802412,1.3864815534364823e-05,0.4459819064277954,0,True
119,traj_0119,-0.3374878994283349,-0.08178159422920057,-0.03500000014901161,0.0,0.005221646433116726,0,0.0052275954602417,0.0370217242142103,0.0052275954602417,1.6040446173944506e-05,0.3283280878230422,0,True
120,traj_0120,0.07806651345197324,-0.02672528413051567,0.0,0.002364399072810668,0.006390343531502275,0,0.0089821729440564,0.0063977092462782,0.0063977092462782,1.1351995323767448e-05,0.4551684889160863,0,True
121,traj_0121,0.5750552359734988,-0.056881817816911054,0.0,0.03143123035268391,0.005422287871747302,0,0.0088896331030552,0.0054214103118195,0.0054214103118195,5.046812512951196e-06,0.4461496717010964,0,True
122,traj_0122,-0.41178921907957766,-0.08340816781794638,-0.03500000014901161,0.0,0.005509341276397728,0,0.0055263486099527,0.0368182348244338,0.0055263486099527,1.687405975233611e-05,0.2902778339382651,0,True
123,traj_0123,0.1827846355188112,-0.09997382089554491,0.0,0.0073639182688262405,0.005952331537738049,0,0.0086522279916352,0.0059516424558079,0.0059516424558079,1.806972783141219e-05,0.4461635161010117,0,True
124,traj_0124,-0.4848769631468727,-0.05859698032042633,-0.03999999910593033,0.0,0.005311296439696451,0,0.0053109300744905,0.0364984846062859,0.0053109300744905,1.2337186157777807e-05,0.2415269880079284,0,True
125,traj_0125,0.04625955049702424,-0.11739765501663701,0.0,0.0,0.008432219496406455,0,0.0084316101509245,0.023217932642737,0.0084316101509245,1.262471013014058e-05,0.459348824500581,0,True
126,traj_0126,0.38430901889069236,-0.002549188346273823,0.0,0.06480714033945247,0.006304996785289877,0,0.0089396423104678,0.0063041473024095,0.0063041473024095,4.282173625719759e-06,0.4462875581389536,0,True
127,traj_0127,0.7324731156608705,-0.0644816892141514,0.0,0.02999999932944775,0.006406510756853111,0,0.0087716861906881,0.0064053509685794,0.0064053509685794,5.509487540476872e-06,0.446021458208869,0,True
128,traj_0128,-0.5502732989790384,-0.07581440501228738,-0.03500000014901161,0.0,0.005496618401341877,0,0.0054959359341782,0.0365848631835561,0.0054959359341782,1.697191442064818e-05,0.218894924198592,0,True
129,traj_0129,0.6263014121642578,-0.06844651489870389,0.0,0.028106969926956767,0.00590589118904203,0,0.0087910604987576,0.0059048372629138,0.0059048372629138,8.45984920750683e-06,0.4460704323840114,0,True
130,traj_0130,-0.4799031183873554,-0.08103065367114701,-0.03500000014901161,0.0,0.0055785229514751225,0,0.0055785472848902,0.0366773246648568,0.0055785472848902,1.725053018962437e-05,0.2553632328460822,0,True
131,traj_0131,0.33678492856342124,-0.07761616807317301,0.0,0.02500000037252903,0.0059994238079753535,0,0.0087976319607678,0.0059985712643132,0.0059985712643132,1.537723548558522e-05,0.4461922135151121,0,True
132,traj_0132,-0.09278208115912778,-0.14357176807700633,0.0,0.0,0.007992190846486216,0,0.007991659323118,0.0382678234649264,0.007991659323118,1.6935723899166023e-05,0.4458850077297822,0,True
133,traj_0133,0.6510791233867896,-0.12698777328143374,0.0,0.0,0.00576976917078429,0,0.0083556954516227,0.0057682889614626,0.0057682889614626,2.1848003742231068e-05,0.4457887132686344,0,True
134,traj_0134,0.15878883367739594,-0.06403976298247635,0.0,0.020677694656632422,0.005979808350429055,0,0.0088901263443227,0.0059792641519584,0.0059792641519584,6.262489220443032e-06,0.4463209382332331,0,True
135,traj_0135,0.6782724329460811,-0.12884122703271417,0.0,0.0,0.006021015894347816,0,0.0083274548346553,0.0060196995644542,0.0060196995644542,1.6695257453077556e-05,0.4457625923184676,0,True
136,traj_0136,-0.8027702087613254,-0.0032572990235759103,-0.05499999970197679,0.0,0.006264134896553071,0,0.0062635565331,0.0365408177638628,0.0062635565331,3.6832795336138818e-06,0.0537897661742987,0,True
137,traj_0137,-0.7059363725749782,-0.03878803495206612,-0.04500000178813934,0.0,0.00636936407184701,1,0.006372819230411,0.0365523406401875,0.006372819230411,1.5506029270685004e-05,0.122276140547733,0,True
138,traj_0138,0.42666959632920387,-0.10449888235423391,0.0,0.009999999776482584,0.005465706970871977,0,0.0085982977819756,0.0054648073908797,0.0054648073908797,1.91782647551392e-05,0.4460222224710428,0,True
139,traj_0139,0.7405219995914121,-0.061399291804250536,0.0,0.029999999329447746,0.0061078477662862935,0,0.0087892828774619,0.0061066039461567,0.0061066039461567,1.8677752042499985e-05,0.4460289396689924,0,True
140,traj_0140,0.07096192814240088,-0.014540992677311404,0.0,0.0015157658772021257,0.0053353701959981525,0,0.008963419080448,0.0053344411888849,0.0053344411888849,5.636557048698994e-06,0.4595310587521563,0,True
141,traj_0141,-0.7268359317787367,-0.10599708884545081,-0.029999999329447746,0.0,0.006220361178385649,0,0.0062234686282247,0.0382678576270012,0.0062234686282247,1.923070416232927e-05,0.1761134569335536,0,True
142,traj_0142,0.36391054862795413,-0.12699328302509189,0.0,0.0,0.007116074540639182,0,0.0084517022468526,0.0071160341319688,0.0071160341319688,1.1610165715936068e-05,0.4459465595463809,0,True
143,traj_0143,-0.5460407781106613,-0.016903982824398978,-0.05000000074505806,0.0,0.005316949347941982,0,0.0053166679507622,0.036052698608229,0.0053166679507622,1.3711300888610371e-05,0.1925837327750065,0,True
144,traj_0144,-0.67509083593581,-0.036022743586128905,-0.04500000178813934,0.0,0.006131778763143201,1,0.0061345941746251,0.0364912128995376,0.0061345941746251,1.4030111295827209e-05,0.1352546040538564,0,True
145,traj_0145,0.2973365209073118,-0.04346480246689252,0.0,0.03999999910593033,0.0051749541830747,0,0.009004674766275,0.0051740234198096,0.0051740234198096,4.136436448309424e-06,0.4463036796351278,0,True
146,traj_0146,0.5922660630502662,-0.07366116444186627,0.0,0.02500000037252903,0.005494058664854225,0,0.0087672911068628,0.0054931343238969,0.0054931343238969,5.906023846338974e-06,0.4460684684167874,0,True
147,traj_0147,-0.686907632954044,-0.06593277830798915,-0.03500000014901161,0.0,0.005394328323638628,0,0.0053936672954731,0.0366856766032501,0.0053936672954731,1.5506126286461564e-05,0.1506398586861512,0,True
148,traj_0148,0.2664529292625728,-0.13077822303714687,0.0,0.0,0.00843852377440427,0,0.0084384605218169,0.0088307555052242,0.0084384605218169,1.5381310350529144e-05,0.4459750311967847,0,True
149,traj_0149,-0.1587732719333952,-0.054568440938603247,-0.010485172178131831,0.0,0.006688711470063656,0,0.006697727732034,0.037130052758684,0.006697727732034,7.87821931157283e-06,0.4264241874220586,0,True
150,traj_0150,0.6493553978248381,-0.054407782906205626,0.0,0.031184433711180397,0.005393492165792877,1,0.0088796657271574,0.0053924846918633,0.0053924846918633,1.2185677134592896e-05,0.4461147148089965,0,True
151,traj_0151,-0.009144942609662698,-0.015692985779622137,0.0,0.0,0.008869855909583835,0,0.0088689635241115,0.0161008106483024,0.0088689635241115,1.2290584479837697e-05,0.4471804789283131,0,True
152,traj_0152,0.612391471116597,-0.1468840845667101,0.0,0.0,0.008218984279858359,0,0.0082189446468804,0.00890792800491,0.0082189446468804,1.4040589069752762e-05,0.4457075499174423,0,True
153,traj_0153,0.5573821196740925,-0.10510082923777753,0.0,0.009999999776482582,0.005249356873168142,0,0.0085570845789347,0.0052486073274483,0.0052486073274483,5.906504126276821e-06,0.4459484423073698,0,True
154,traj_0154,0.1630499029111474,-0.03183921552051705,0.0,0.039290176814565904,0.0053931698796646525,0,0.0089868076813537,0.0054043389271146,0.0054043389271146,1.472357388033923e-05,0.4463221538195703,0,True
155,traj_0155,0.5869104395129923,-0.0815048335794586,0.0,0.021990332720288934,0.005537300153357372,0,0.0087141980841332,0.0055364421103823,0.0055364421103823,1.807847755141457e-05,0.4460376184957843,0,True
156,traj_0156,-0.41436404472554106,-0.031134481308153827,-0.05000000074505805,0.0,0.005632402052123235,0,0.0056321051900228,0.0363868815852769,0.0056321051900228,1.293016879329247e-05,0.2694789258711649,0,True
157,traj_0157,-0.3247269403388221,-0.10806440397488894,-0.029999999329447746,0.0,0.005369853374861293,0,0.00536901576293,0.0374394606176729,0.00536901576293,1.7530057111918357e-05,0.3451507970060919,0,True
158,traj_0158,-0.34160041101018257,-0.026870829612286262,-0.052858822776266606,0.0,0.005753992492460679,0,0.0057534387051307,0.0364030924789787,0.0057534387051307,1.7268619320908737e-05,0.3104580894103363,0,True
159,traj_0159,-0.6713661696092729,-0.003024039356977426,-0.05395192120666819,0.0,0.006200205281850414,0,0.0061996661513893,0.0360084160033904,0.0061996661513893,1.7143695414047214e-05,0.1210567928263967,0,True
160,traj_0160,-0.5042025833546706,-0.07368804613560377,-0.0352921258627725,0.0,0.005214833200011392,0,0.0052141570870985,0.0365702243202894,0.0052141570870985,8.948217806374295e-06,0.2395207706156833,0,True
161,traj_0161,-0.33814091502090926,-0.10145842474324257,-0.03130397050480205,0.0,0.0054468845489133175,0,0.0054461433491161,0.037274155402974,0.0054461433491161,1.6931207599824536e-05,0.3356178618439242,0,True
162,traj_0162,0.4370860687233544,-0.03342379754561456,0.0,0.045000001788139336,0.005555962883876265,0,0.008991801342733,0.0055557429883858,0.0055557429883858,3.450922252371304e-06,0.4462814423322476,0,True
163,traj_0163,0.8386146257546463,-0.09522372251607245,0.0,0.014999999664723875,0.0056063513745151835,0,0.0084880402535589,0.005605953538113,0.005605953538113,5.711458019073768e-06,0.3752829514324624,0,True
164,traj_0164,0.5508981659241798,-0.1250718925576088,0.0,0.0,0.005704840041453553,0,0.008413674165979,0.0057034168512465,0.0057034168512465,2.1451189980187853e-05,0.445856839628691,0,True
165,traj_0165,0.2758912960661417,-0.06425289006499364,0.0,0.029999999329447746,0.005506281032624464,0,0.0088917000938897,0.0055051180710755,0.0055051180710755,1.1839132406780675e-05,0.4462843206545026,0,True
166,traj_0166,0.47762068708575034,-0.12576330636065935,0.0,0.0,0.006129127957602435,0,0.0084332454046282,0.0061278069620931,0.0061278069620931,2.040757595282804e-05,0.4458937278552375,0,True
167,traj_0167,0.28821646855559346,-0.04749117959803399,0.0,0.03999999910593033,0.005755693060219959,0,0.009004141899997,0.0057547965886713,0.0057547965886713,1.7642729082994788e-05,0.4463047905666981,0,True
168,traj_0168,-0.8018383195018748,-0.02698335050280068,-0.04500000178813934,0.0,0.005202617514481162,1,0.0052033920885856,0.036903659925767,0.0052033920885856,5.822529693666386e-06,0.0693252476173161,0,True
169,traj_0169,0.8556536892597695,-0.03731972793199624,0.0,0.03536054420980378,0.005286553881103762,1,0.008892893216775,0.0052853965687244,0.0052853965687244,5.667684381127174e-06,0.4367967635838808,0,True
170,traj_0170,-0.3138003179770692,-0.010915694384092123,-0.0599999986588955,0.0,0.006266657892823636,0,0.0062661171438038,0.0363338696179717,0.0062661171438038,3.597163377272052e-06,0.324440601618261,0,True
171,traj_0171,0.7414649372617166,-0.08978113351596419,0.0,0.01999999955296516,0.006219146697480408,0,0.0085861968022205,0.0062187303945581,0.0062187303945581,2.0939690656590364e-05,0.4459081494511643,0,True
172,traj_0172,0.35958509277274076,-0.03813824946867321,0.0,0.04500000178813934,0.005943106185449632,0,0.0089969982466365,0.0059465722507955,0.0059465722507955,1.6152680299544746e-05,0.4462946717610882,0,True
173,traj_0173,-0.06762908835348114,-0.017290410568108816,0.0,0.0,0.008731288966692367,0,0.0087306295464659,0.0242910636002844,0.0087306295464659,8.02831024672719e-06,0.4370604488373265,0,True
174,traj_0174,-0.7279652671596596,-0.062117062947183346,-0.03576587409487113,0.0,0.00536034442537853,0,0.0053596113031291,0.036779968823331,0.0053596113031291,1.4035607669247006e-05,0.1299399895061027,0,True
175,traj_0175,-0.5122880091907343,-0.01205043437216144,-0.05499999970197678,0.0,0.006179866952638294,0,0.0061793369102286,0.035977713019661,0.0061793369102286,1.6233308720075862e-05,0.2095021907537364,0,True
176,traj_0176,0.38255236031745943,-0.04885319038564029,0.0,0.03999999910593033,0.006113033097707131,0,0.0089875110226624,0.0061120666366617,0.0061120666366617,6.382471484733954e-06,0.4462903832565994,0,True
177,traj_0177,-0.4179281018561824,-0.1353114098546055,-0.025000000372529026,0.0,0.00527424090864035,0,0.0052735642076983,0.0382623106616377,0.0052735642076983,7.168606883592932e-06,0.3172134329402743,0,True
178,traj_0178,-0.5844254928181702,-0.05098141246292913,-0.03999999910593033,0.0,0.005368197901425297,0,0.0053678194344244,0.0364051871612424,0.0053678194344244,1.6232397689291942e-05,0.1878490535444881,0,True
179,traj_0179,-0.6302627538470943,-0.01891631057731144,-0.05000000074505807,0.0,0.006254300241315688,0,0.0062540104510834,0.0362001919180536,0.0062540104510834,7.799772565983032e-06,0.148933346530791,0,True
180,traj_0180,-0.3350703232669474,-0.04665437529669578,-0.04500000178813934,0.0,0.005177652305755351,0,0.0051776323212707,0.0366712681732577,0.0051776323212707,1.1638024540908972e-05,0.318798794412757,0,True
181,traj_0181,0.41900653925894527,-0.03659502481411035,0.0,0.04500000178813934,0.005944970318135656,0,0.0089962930805803,0.0059483011863859,0.0059483011863859,1.9003913116300064e-06,0.4462848896144675,0,True
182,traj_0182,0.7635979737090088,-0.11079624356812459,0.0,0.009999999776482582,0.006051048236176303,0,0.0084178552807753,0.0060501851698773,0.0060501851698773,2.0148363315301507e-05,0.4187928533335679,0,True
183,traj_0183,-0.710402573294836,-0.06781138648929586,-0.03500000014901161,0.0,0.005576285824353186,0,0.0055755824072317,0.0367998314733413,0.0055755824072317,1.4267716589651743e-05,0.1422223622905527,0,True
184,traj_0184,-0.5571188740817452,-0.060072046874901266,-0.03999999910593032,0.0,0.005908676400243629,0,0.0059082298007642,0.0364388234656129,0.0059082298007642,7.187974500036724e-06,0.2062173132684203,0,True
185,traj_0185,0.43463933318572157,-0.06044998912843799,0.0,0.034100021744617695,0.006189223493493325,0,0.0089007639665581,0.0061882111829558,0.0061882111829558,7.90841760493015e-06,0.4462157038136853,0,True
186,traj_0186,-0.2116440854938616,-0.09956915555286486,-0.020631537959800827,0.0,0.00589977027766945,0,0.0058994293884839,0.0377543952950043,0.0058994293884839,9.3419024286978e-06,0.4025832670767902,0,True
187,traj_0187,0.7947108726858443,-0.058456684205253476,0.0,0.029999999329447746,0.006038198771675022,0,0.008780857353364,0.0060369217998699,0.0060369217998699,1.908830885536953e-05,0.4460057560097121,0,True
188,traj_0188,-0.5231693211024095,-0.1338698177553188,-0.02500000037252903,0.0,0.00537820742703614,0,0.0053775675836265,0.0382560257900018,0.0053775675836265,1.142887396646011e-05,0.2756355581565102,0,True
189,traj_0189,-0.06743159999473114,-0.02809053354108859,0.0,0.0,0.008670529162303871,0,0.0086698585098676,0.0255832728793568,0.0086698585098676,8.06948918803177e-06,0.4417787777862483,0,True
190,traj_0190,-0.14152200363789513,-0.08952861983139906,0.0,0.0,0.007687196132528334,0,0.008211719179435,0.0379229946670111,0.008211719179435,9.318509040169957e-06,0.4413760845430773,0,True
191,traj_0191,-0.04721966495926799,-0.09168230212092061,0.0,0.0,0.008358074596995335,0,0.0083573452586934,0.0309474496447981,0.0083573452586934,1.2338078168205523e-05,0.4684533965045385,0,True
192,traj_0192,0.25448987045295746,-0.05851430609008991,0.0,0.03500000014901161,0.00603108693194674,0,0.0089305798469448,0.0060298431888099,0.0060298431888099,1.6691934013119488e-05,0.4463085708954444,0,True
193,traj_0193,-0.09181388726832862,-0.14854253852305022,0.0,0.0,0.007966775674834723,0,0.0079662895338207,0.0382612048827001,0.0079662895338207,1.5952356280173287e-05,0.4458592829432575,0,True
194,traj_0194,-0.7650938819085058,-0.13863689681606015,-0.01999999955296516,0.0,0.005196173148944547,0,0.0051957474272686,0.0381604510376796,0.0051957474272686,2.838393337430672e-05,0.218971636029859,0,True
195,traj_0195,0.7332973336416577,-0.1384775188572621,0.0,0.0,0.007437558224098802,0,0.0082187703213229,0.0074399590150871,0.0074399590150871,1.3769041205048476e-05,0.3847511905144414,0,True
196,traj_0196,0.1904962525968934,-0.15543873698386296,0.0,0.0,0.008269984727406601,0,0.0082699331622784,0.0149593976355483,0.0082699331622784,7.616927684785469e-06,0.4458832871423854,0,True
197,traj_0197,-0.8397581075093721,-0.09449636653881578,-0.029999999329447746,0.0,0.006030524087937656,0,0.0060296785520959,0.0382777680651111,0.0060296785520959,1.0404118821647968e-05,0.1264288498078989,0,True
198,traj_0198,-0.6560169233520357,-0.07798746661881963,-0.03500000014901161,0.0,0.005985892878445681,0,0.0059851952530545,0.0368025536312909,0.0059851952530545,1.651589276450812e-05,0.1736491493404941,0,True
199,traj_0199,-0.6423426802547673,-0.026547317514084845,-0.04500000178813935,0.0,0.005309070210734456,0,0.0053098365103985,0.0364098290799431,0.0053098365103985,1.0925154891944172e-05,0.1462837538585162,0,True
200,traj_0200,0.603375300074295,-0.06663785300354422,0.0,0.029999999329447746,0.0062393712123248474,0,0.0088122557537597,0.0062381716093786,0.0062381716093786,1.8164671464054755e-05,0.4460917797614261,0,True
201,traj_0201,0.3589144651590558,-0.023071403748686922,0.0,0.05385719244301114,0.0061316648785034325,0,0.0089723689323821,0.0061307207362555,0.0061307207362555,1.620228719658651e-05,0.4462941620875757,0,True
202,traj_0202,0.7304106806754174,-0.12341615966590816,0.0,0.0,0.005151789333032029,0,0.0083405250383601,0.0051502456013657,0.0051502456013657,1.7390459531878286e-05,0.4239722744919325,0,True
203,traj_0203,-0.5141618925183792,-0.05303678782468442,-0.04212304222629849,0.0,0.0056835399399235206,0,0.0056830127291599,0.0364463831136949,0.0056830127291599,1.68105222709777e-05,0.223976280224611,0,True
204,traj_0204,-0.6556936585791847,-0.06263741493527591,-0.03500000014901161,0.0,0.005085959908681482,0,0.0050852457233215,0.036559014488749,0.0050852457233215,1.6624609070866688e-05,0.1618330769161755,0,True
205,traj_0205,-0.5659809903513322,-0.13722437215056987,-0.02500000037252903,0.0,0.005664326320632224,0,0.005663643597684,0.038247545455656,0.005663643597684,2.0691152208730942e-05,0.2646452515702021,0,True
206,traj_0206,-0.27676983796145926,-0.1253900031152436,-0.028619643634581655,0.0,0.005941217399063561,0,0.0059405523631489,0.0380012434048554,0.0059405523631489,1.0557098290730548e-05,0.3759687557915597,0,True
207,traj_0207,-0.2516447751288342,-0.03593904377253049,-0.05000000074505806,0.0,0.00546398323776355,0,0.0054725223790398,0.0366481055835037,0.0054725223790398,1.6275337807889994e-05,0.3662051543904099,0,True
208,traj_0208,-0.20770647545994447,-0.031638412177391856,-0.03605555948273602,0.0,0.005535447675486281,0,0.005554547375859,0.0367170830302332,0.005554547375859,7.362396113972928e-06,0.3929514323972204,0,True
209,traj_0209,0.0947603939481646,-0.10715901058694294,0.0,0.0,0.008599269736820793,0,0.0085991842734444,0.0156499960925627,0.0085991842734444,1.7072479063839557e-05,0.4461683271307981,0,True
210,traj_0210,0.6774955109089996,-0.052104691862480845,0.0,0.03500000014901161,0.006511047230437437,1,0.008883897036291,0.0065098438331982,0.0065098438331982,1.1506696456174097e-05,0.4461065168221245,0,True
211,traj_0211,0.8638046250118216,-0.0845072847962957,0.0,0.019999999552965164,0.005920362503579213,0,0.0085506406208365,0.0059198814566215,0.0059198814566215,2.234586758627257e-05,0.3685586279197492,0,True
212,traj_0212,-0.2353741779619677,-0.10415719207150662,-0.027429705984830216,0.0,0.0053924075026502115,0,0.0053955125258873,0.0377050775722763,0.0053955125258873,1.762200750662587e-05,0.3906476903064969,0,True
213,traj_0213,0.809185732860193,-0.10475512825306968,0.0,0.0103120116934753,0.005388977040142878,0,0.0084354571099591,0.0053881191723696,0.0053881191723696,2.21904714033538e-05,0.3865534199468549,0,True
214,traj_0214,-0.4867968336248936,-0.12790762179495635,-0.025454497910766913,0.0,0.005142923715873073,0,0.0051422846264041,0.0380870117854183,0.0051422846264041,1.0312512070662292e-05,0.2839738500453201,0,True
215,traj_0215,-0.4190740734865616,-0.13569726277860156,-0.02500000037252903,0.0,0.005292621399848999,0,0.005291975627725,0.0382616917225051,0.005291975627725,7.762159935138746e-06,0.3170147545371498,0,True
216,traj_0216,0.48612914395765805,-0.0017558953867872762,0.0,0.05999999865889549,0.005671581976253325,0,0.008942292969634,0.0056705905532371,0.0056705905532371,9.232369023164616e-06,0.4462661285991242,0,True
217,traj_0217,0.09762402092328304,-0.05758358822977272,0.0,0.0,0.007530783505079961,0,0.0089164738258282,0.0075347014746814,0.0075347014746814,1.3235740309571993e-05,0.4475740584370955,0,True
218,traj_0218,-0.5176189255381428,-0.05112149550141003,-0.04352553246369319,0.0,0.00597988636394578,0,0.0059795685027245,0.0364408695110087,0.0059795685027245,1.504079532875955e-05,0.2213127442544492,0,True
219,traj_0219,-0.2771680700019483,-0.01338951765595589,-0.058433462644317785,0.0,0.005872643190640393,0,0.0058721344471868,0.0364186862424014,0.0058721344471868,8.191188276465895e-06,0.3472986862064365,0,True
220,traj_0220,-0.5542671322882795,-0.050871512744802075,-0.0407909434376936,0.0,0.00537540677543942,0,0.0053749308266856,0.0364100124741618,0.0053749308266856,1.2815361796504953e-05,0.2026894643337117,0,True
221,traj_0221,-0.027870545110355804,-0.09183375142714717,0.0,0.0,0.008398495363513708,0,0.0083977289859345,0.0285434056153582,0.0083977289859345,1.3415516453028315e-05,0.4758713079867188,0,True
222,traj_0222,-0.14311437660892912,-0.15860463214991025,0.0,0.0,0.007840874686600496,0,0.0078404500118838,0.0382457857318076,0.0078404500118838,1.6081995824196318e-05,0.4457847723256445,0,True
223,traj_0223,-0.7180917735674972,-0.12529185414392144,-0.02500000037252903,0.0,0.005734092282657813,0,0.0057398174263986,0.038249147517379,0.0057398174263986,1.290968987719248e-05,0.2051686838711404,0,True
224,traj_0224,-0.4864821513342295,-0.10749642399549361,-0.02999999932944775,0.0,0.0054600797072874695,0,0.0054644431458578,0.037243046478869,0.0054644431458578,1.0097527927426034e-05,0.2687268468244609,0,True
225,traj_0225,0.8221964041991543,-0.07779945876657107,0.0,0.023924165074370445,0.006263934335897041,0,0.0086265188079045,0.0062629301463528,0.0062629301463528,8.924388930240927e-06,0.4192751562015127,0,True
226,traj_0226,0.6644022311316402,-0.11044695399780048,0.0,0.009999999776482582,0.005944512090669274,0,0.0084737521268109,0.0059437096118243,0.0059437096118243,7.484595335476982e-06,0.4458612252359175,0,True
227,traj_0227,-0.8611719978782765,-0.05522137721887077,-0.03999999910593033,0.0,0.006064088078749651,0,0.0060636667332334,0.0374305937715722,0.0060636667332334,1.449402793469152e-05,0.0691537224890739,0,True
228,traj_0228,-0.10269156926634204,-0.13660339133739238,0.0,0.0,0.008014227995877362,0,0.0080137952889487,0.038276845710949,0.0080137952889487,9.79060431520646e-06,0.4459171404885995,0,True
229,traj_0229,0.026216139111601144,-0.048142876209248606,0.0,0.0,0.008780159518877955,0,0.0087793047525379,0.0158214733547277,0.0087793047525379,1.2763096223450094e-05,0.4680067638222431,0,True
230,traj_0230,-0.8683252018197408,-0.13977284865996722,-0.019999999552965164,0.0,0.005547283710895746,0,0.0055468079817692,0.0380976368496538,0.0055468079817692,2.417865818971541e-05,0.2061648327973928,0,True
231,traj_0231,-0.23683465454446972,-0.12761470796828203,-0.022848101680943922,0.0,0.005393851717514156,0,0.0054056651296784,0.038189708283328,0.0054056651296784,1.7649744379553477e-05,0.3967249057657615,0,True
232,traj_0232,-0.05467023627335488,-0.11401864383341162,0.0,0.0,0.008220065174610467,0,0.0082195463938092,0.0347733877947539,0.0082195463938092,8.808552093221667e-06,0.4575015339797161,0,True
233,traj_0233,-0.4444388497304337,-0.09682668190770889,-0.03500000014901161,0.0,0.006358309822799563,0,0.0063770270506466,0.0369757028711192,0.0063770270506466,1.7647330242287423e-05,0.2811733319395639,0,True
234,traj_0234,-0.8322034325408885,-0.016032173747977302,-0.05000000074505807,0.0,0.005741815345010549,1,0.0057415319842149,0.0370377165686647,0.0057415319842149,1.3321652913456036e-05,0.0472625597406735,0,True
235,traj_0235,-0.0834263632754425,-0.10500311302148377,0.0,0.0,0.008216552850945715,0,0.0082159244247842,0.0370605756243,0.0082159244247842,1.1878499964227716e-05,0.4498655523109178,0,True
236,traj_0236,0.2618561861659914,-0.07206737196914113,0.0,0.025000000372529033,0.005374708081335575,0,0.0088396258130938,0.0053738621313516,0.0053738621313516,2.901109862252711e-06,0.4462559362074427,0,True
237,traj_0237,-0.5349746978266006,-0.025796939060533375,-0.05000000074505806,0.0,0.0059912000374114345,0,0.0059909060541318,0.0362152294527308,0.0059909060541318,1.4992229015954168e-05,0.2016386648268108,0,True
238,traj_0238,0.6125681479800194,-0.13328269984075802,0.0,0.0,0.006832923140683951,0,0.008325811180417,0.0068446859123014,0.0068446859123014,1.2645269624319052e-05,0.4457798737582572,0,True
239,traj_0239,-0.3158662613460811,-0.05839781425173596,-0.04500000178813934,0.0,0.006135586141651829,0,0.0061370765173432,0.0369163293984263,0.0061370765173432,7.930909987482889e-06,0.3329258059208766,0,True
