t,feedback_sim_time,callback_monotonic_time,q0_meas,q0_command,theta,s
0,16.017999999996594,28535.470853724,1.4084692993658732,1.4084692993658732,1.9348045482116859e-06,-0.080000142853328279
0.010000000000012221,16.027999999996606,28535.480736086,1.4084686335976397,1.4084692993658732,9.0368942303867479e-06,-0.080000497312299912
0.020000000000024443,16.037999999996618,28535.491317134001,1.4084684359081945,1.4084692993658732,3.3587893946086569e-06,-0.080000420488721871
0.030000000000036664,16.04799999999663,28535.501796052999,1.4084685553996823,1.4084692993658732,1.0692022674085254e-06,-0.080000282317633814
0.040000000000048885,16.057999999996643,28535.512323751002,1.4084685667962775,1.4084692993658732,5.6398229306340587e-07,-0.080000253421034062
0.050000000000061107,16.067999999996655,28535.522853031998,1.40846843485894,1.4084692993658732,6.5470880824701475e-07,-0.080000300509794287
0.060000000000073328,16.077999999996667,28535.533353316001,1.4084682505433066,1.4084692993658732,8.9972303885531806e-07,-0.080000364435681814
0.070000000000085549,16.087999999996679,28535.543876969001,1.4084680867153632,1.4084692993658732,1.1578979925627076e-06,-0.080000413973989687
0.080000000000097771,16.097999999996691,28535.55445372,1.4084679686047938,1.4084692993658732,1.3896082564100409e-06,-0.080000444095871703
0.090000000000109992,16.107999999996704,28535.564963437999,1.4084678910259154,1.4084692993658732,1.5852414758372365e-06,-0.080000461104884471
0.10000000000012221,16.117999999996716,28535.575456555001,1.4084678397742774,1.4084692993658732,1.7440384000067389e-06,-0.080000472075141285
0.11000000000013443,16.127999999996728,28535.585988486,1.4084678031421991,1.4084692993658732,1.8690243533337333e-06,-0.080000481093524159
0.12000000000014666,16.13799999999674,28535.596517646001,1.4084677745827456,1.4084692993658732,1.9654323704365986e-06,-0.080000489502520561
0.13000000000015888,16.147999999996753,28535.607078345001,1.4084677513118622,1.4084692993658732,2.0393710719590875e-06,-0.080000497273230345
0.1400000000001711,16.157999999996765,28535.617585494001,1.408467732304594,1.4084692993658732,2.096602011328391e-06,-0.08000050407109896
0.15000000000018332,16.167999999996777,28535.628101663999,1.4084677170234188,1.4084692993658732,2.1417776184662106e-06,-0.080000509720861382
0.16000000000019554,16.177999999996789,28535.638672204001,1.4084677049320542,1.4084692993658732,2.178229599841496e-06,-0.08000051426681612
0.17000000000020776,16.187999999996801,28535.649207410999,1.4084676954425381,1.4084692993658732,2.2081474138580444e-06,-0.08000051787930243
0.18000000000021998,16.197999999996814,28535.659755324999,1.408467687992923,1.4084692993658732,2.2329172496461659e-06,-0.080000520756341037
0.19000000000023221,16.207999999996826,28535.670197546999,1.4084676821107773,1.4084692993658732,2.2534482622030641e-06,-0.080000523068970222
0.20000000000024443,16.217999999996838,28535.680778759001,1.408467677430963,1.4086100516733588,2.2704047608126758e-06,-0.080000524945895116
0.21000000000025665,16.22799999999685,28535.691283034001,1.4086006537558735,1.4086100516733588,0.00040197293673468592,-0.079994211408391927
0.22000000000026887,16.237999999996862,28535.701815232998,1.4085833527211105,1.4086100516733588,0.00035361207702711798,-0.080003040942386472
0.23000000000028109,16.247999999996875,28535.712340462,1.408551886699295,1.4086100516733588,0.00068869330523913506,-0.080007680041490073
0.24000000000029331,16.257999999996887,28535.722884096998,1.4085380488607375,1.4086100516733588,0.00084634625599261783,-0.080006372423099104
0.25000000000030553,16.267999999996899,28535.733414978,1.4085392248230175,1.4086100516733588,0.00086227341006264605,-0.080003100276316588
0.26000000000031775,16.277999999996911,28535.743962368,1.4085474438789949,1.4086100516733588,0.00083743002665560742,-0.0800005804908452
0.27000000000032998,16.287999999996924,28535.754535502001,1.4085571025366812,1.4086100516733588,0.00081798097176410403,-0.079999625518255735
0.2800000000003422,16.297999999996936,28535.765030668001,1.4085658632015914,1.4086100516733588,0.00081627262630467093,-0.0799998659493735
0.29000000000035442,16.307999999996948,28535.775562483999,1.4085733062219099,1.4086100516733588,0.00083038666936803183,-0.080000625056869168
0.30000000000036664,16.31799999999696,28535.786117472999,1.4085796629516159,1.4086100516733588,0.00085467332080226097,-0.080001400389078686
0.31000000000037886,16.327999999996972,28535.796657432998,1.4085851960093896,1.4086100516733588,0.00088396098510116843,-0.080001963815959115
0.32000000000039108,16.337999999996985,28535.807161359,1.408590042579926,1.4086100516733588,0.00091448206470422146,-0.080002285613843968
0.3300000000004033,16.347999999996997,28535.817779926001,1.4085942501372257,1.4086100516733588,0.00094375336491420332,-0.080002428109304358
0.34000000000041553,16.357999999997009,28535.828339768999,1.4085978419815544,1.4086100516733588,0.00097031016588607143,-0.080002470109872756
0.35000000000042775,16.367999999997021,28535.838881047999,1.4086008548446851,1.4086100516733588,0.00099346778317549499,-0.080002471440197467
0.36000000000043997,16.377999999997034,28535.849386908001,1.4086033465431138,1.4086100516733588,0.0010131004376274315,-0.080002465562246203
0.37000000000045219,16.387999999997046,28535.859953152001,1.4086053881538751,1.4086100516733588,0.0010294342885420632,-0.080002465447590557
0.38000000000046441,16.397999999997058,28535.870508102998,1.4086070530887231,1.4086100516733588,0.0010428726427966636,-0.080002472481140577
0.39000000000047663,16.40799999999707,28535.881117254001,1.408608409047297,1.4086100516733588,0.0010538695385184243,-0.080002483561757098
0.40000000000048885,16.417999999997082,28535.891630437,1.4086095140848682,1.4086100516733588,0.001062854192534476,-0.080002495204621479
0.41000000000050107,16.427999999997095,28535.902133490999,1.4086104158558725,1.4086100516733588,0.0010701968979103028,-0.080002505177334496
0.4200000000005133,16.437999999997107,28535.912671981001,1.4086111526314791,1.4086100516733588,0.0010762020373097391,-0.080002512665542411
0.43000000000052552,16.447999999997119,28535.923289961,1.4086117549761519,1.4086100516733588,0.0010811149150024267,-0.08000251782168416
0.44000000000053774,16.457999999997131,28535.933790621999,1.408612247420985,1.4086100516733588,0.0010851330655241528,-0.080002521227657039
0.45000000000054996,16.467999999997144,28535.944343972002,1.4086126498439808,1.4086100516733588,0.0010884169769770598,-0.080002523508833454
0.46000000000056218,16.477999999997156,28535.954893234,1.4086129785005486,1.4086100516733588,0.0010910983855017898,-0.080002525144385675
0.4700000000005744,16.487999999997168,28535.965312437998,1.4086132467600077,1.4086100516733588,0.0010932861221361822,-0.08000252642631947
0.48000000000058662,16.49799999999718,28535.975887568002,1.4086134656358444,1.4086100516733588,0.0010950701940248436,-0.080002527497109621
0.49000000000059885,16.507999999997192,28535.986384340998,1.4086136441868595,1.4086100516733588,0.00109652481843887,-0.080002528409676185
0.50000000000061107,16.517999999997205,28535.996995226,1.4086137898409568,1.4086100516733588,0.001097710899030683,-0.080002529178063983
0.51000000000062329,16.527999999997217,28536.007485966999,1.4086139086693401,1.4086100516733588,0.0010986781848857203,-0.080002529808249109
0.52000000000063551,16.537999999997229,28536.018071277998,1.4086140056228267,1.4086100516733588,0.001099467186495852,-0.080002530311026304
0.53000000000064773,16.547999999997241,28536.028668145002,1.4086140847341917,1.4086100516733588,0.0011001108489081268,-0.080002530703635957
0.54000000000065995,16.557999999997254,28536.039212088999,1.4086141492883375,1.4086100516733588,0.0011006359710214789,-0.080002531006581765
0.55000000000067217,16.567999999997266,28536.049671264002,1.4086142019626595,1.4086100516733588,0.001101064376170322,-0.080002531239860633
0.56000000000068439,16.577999999997278,28536.060278151999,1.4086142449411545,1.4086100516733588,0.0011014138583705024,-0.080002531420497583
0.57000000000069662,16.58799999999729,28536.070752846001,1.4086142800064783,1.4086100516733588,0.0011016989399372009,-0.08000253156167618
0.58000000000070884,16.597999999997302,28536.081301893999,1.408614308614158,1.4086100516733588,0.0011019314780689451,-0.080002531673004404
0.59000000000072106,16.607999999997315,28536.091880955999,1.4086143319526254,1.4086100516733588,0.0011021211535372109,-0.080002531761305853
0.60000000000073328,16.617999999997327,28536.102377658,1.4086143509920417,1.4086100516733588,0.0011022758676263995,-0.080002531831474363
0.6100000000007455,16.627999999997339,28536.112935461999,1.408614366524175,1.4086100516733588,0.001102402066694802,-0.0800025318871571
0.62000000000075772,16.637999999997351,28536.123422975001,1.4086143791950552,1.4086100516733588,0.0011025050084445169,-0.080002531931204296
0.63000000000076994,16.647999999997364,28536.134010262002,1.408614389531724,1.4086100516733588,0.0011025889804256463,-0.080002531965925286
0.64000000000078217,16.657999999997376,28536.144498646001,1.4086143979641266,1.4086100516733588,0.0011026574790116968,-0.080002531993219203
0.65000000000079439,16.667999999997388,28536.155084578,1.4086144048430052,1.4086100516733588,0.0011027133556398626,-0.080002532014642996
0.66000000000080661,16.6779999999974,28536.165566143001,1.4086144104544986,1.4086100516733588,0.0011027589360502598,-0.080002532031455853
0.67000000000081883,16.687999999997412,28536.176075566,1.4086144150320532,1.4086100516733588,0.0011027961173963,-0.080002532044659777
0.68000000000083105,16.697999999997425,28536.186587067001,1.4086144187661263,1.4086100516733588,0.0011028264473133091,-0.080002532055041362
0.69000000000084327,16.707999999997437,28536.197163203,1.4086144218121057,1.4086100516733588,0.0011028511883253091,-0.0800025320632127
0.70000000000085549,16.717999999997449,28536.207719860002,1.4086144242967626,1.4086100516733588,0.0011028713703506688,-0.08000253206964883
0.71000000000086771,16.727999999997461,28536.218201652999,1.4086144263235203,1.4086100516733588,0.0011028878335303063,-0.080002532074719385
0.72000000000087994,16.737999999997474,28536.228796782001,1.4086144279767503,1.4086100516733588,0.0011029012631778067,-0.08000253207871344
0.73000000000089216,16.747999999997486,28536.239330609002,1.408614429325282,1.4086100516733588,0.0011029122183023171,-0.080002532081858285
0.74000000000090438,16.757999999997498,28536.249860380001,1.4086144304252644,1.4086100516733588,0.0011029211548883638,-0.080002532084333403
0.7500000000009166,16.76799999999751,28536.260399890001,1.4086144313224997,1.4086100516733588,0.0011029284448843056,-0.0800025320862809
0.76000000000092882,16.777999999997522,28536.271034548001,1.4086144320543525,1.4086100516733588,0.0011029343916932205,-0.08000253208781305
0.77000000000094104,16.787999999997535,28536.281480228001,1.4086144326513017,1.4086100516733588,0.0011029392428088308,-0.080002532089018641
0.78000000000095326,16.797999999997547,28536.292075648998,1.4086144331382104,1.4086100516733588,0.0011029432001207827,-0.080002532089967521
0.79000000000096549,16.807999999997559,28536.302512984999,1.408614433535361,1.4086100516733588,0.0011029464283181247,-0.080002532090714618
0.80000000000097771,16.817999999997571,28536.313102254,1.4086144338592972,1.4086100516733588,0.0011029490617436499,-0.080002532091303188
