sim_time,monotonic_time,target,q_before,q_after,mode
16.19499999999681,28580.145213152002,1.4084627852240683,1.4084648041480541,1.4084648041419494,8
16.195999999996811,28580.146265732001,1.4084627852240683,1.4084648041419494,1.4084648041361933,8
16.196999999996812,28580.147318359999,1.4084627852240683,1.4084648041361933,1.4084648041307661,8
16.197999999996814,28580.148370593,1.4084627852240683,1.4084648041307661,1.4084648041256487,8
16.198999999996815,28580.149423070001,1.4084627852240683,1.4084648041256487,1.408464804120823,8
16.199999999996816,28580.150475253002,1.4084627852240683,1.408464804120823,1.4084648041162724,8
16.200999999996817,28580.151527681999,1.4084627852240683,1.4084648041162724,1.4084648041119812,8
16.201999999996819,28580.152579718,1.4084627852240683,1.4084648041119812,1.4084648041079342,8
16.20299999999682,28580.153632409001,1.4084627852240683,1.4084648041079342,1.4084648041041175,8
16.203999999996821,28580.154684469999,1.4084627852240683,1.4084648041041175,1.4084648041005177,8
16.204999999996822,28580.155736288001,1.4084627852240683,1.4084648041005177,1.4084648040971222,8
16.205999999996823,28580.156788019998,1.4084627852240683,1.4084648040971222,1.4084648040939194,8
16.206999999996825,28580.157839911,1.4084627852240683,1.4084648040939194,1.4084648040908982,8
16.207999999996826,28580.158892277999,1.4084627852240683,1.4084648040908982,1.4084648040880483,8
16.208999999996827,28580.159944381001,1.4084627852240683,1.4084648040880483,1.4084648040853596,8
16.209999999996828,28580.160996666,1.4084627852240683,1.4084648040853596,1.4084648040828229,8
16.21099999999683,28580.162004688998,1.4084627852240683,1.4084648040828229,1.4084648040804295,8
16.211999999996831,28580.163056566998,1.4084627852240683,1.4084648040804295,1.4084648040781711,8
16.212999999996832,28580.164108286001,1.4084627852240683,1.4084648040781711,1.4084648040760401,8
16.213999999996833,28580.165160406999,1.4084627852240683,1.4084648040760401,1.4084648040740293,8
16.214999999996834,28580.166213129,1.4084627852240683,1.4084648040740293,1.4084648040721317,8
16.215999999996836,28580.167265405002,1.4084627852240683,1.4084648040721317,1.4084648040703407,8
16.216999999996837,28580.168317930998,1.4084627852240683,1.4084648040703407,1.4084648040686505,8
16.217999999996838,28580.169370541,1.4084627852240683,1.4084648040686505,1.4084648040670551,8
16.218999999996839,28580.170422529001,1.4084627852240683,1.4084648040670551,1.4084648040655492,8
16.219999999996841,28580.171474438001,1.4084627852240683,1.4084648040655492,1.4084648040641279,8
16.220999999996842,28580.172526955001,1.4084627852240683,1.4084648040641279,1.4084648040627863,8
16.221999999996843,28580.173578578,1.4084627852240683,1.4084648040627863,1.4084648040615197,8
16.222999999996844,28580.174634564999,1.4084627852240683,1.4084648040615197,1.408464804060324,8
16.223999999996845,28580.17568506,1.4086097917136633,1.408464804060324,1.4084915992307379,8
16.224999999996847,28580.176736925001,1.4086097917136633,1.4084915992307379,1.408532704379293,8
16.225999999996848,28580.177789256999,1.4086097917136633,1.408532704379293,1.4085784029816226,8
16.226999999996849,28580.178841731002,1.4086097917136633,1.4085784029816226,1.4086222338824101,8
16.22799999999685,28580.179893790999,1.4086097917136633,1.4086222338824101,1.4086607056943909,8
16.228999999996851,28580.180946142002,1.4086097917136633,1.4086607056943909,1.4086923315114186,8
16.229999999996853,28580.181998589,1.4086097917136633,1.4086923315114186,1.4087166934528448,8
16.230999999996854,28580.183003343001,1.4086097917136633,1.4087166934528448,1.4087339156738268,8
16.231999999996855,28580.184055490001,1.4086097917136633,1.4087339156738268,1.4087444364720303,8
16.232999999996856,28580.185107342,1.4086097917136633,1.4087444364720303,1.4087488989332635,8
16.233999999996858,28580.186169485001,1.4086097917136633,1.4087488989332635,1.4087480766157825,8
16.234999999996859,28580.187218057999,1.4086097917136633,1.4087480766157825,1.4087428168638427,8
16.23599999999686,28580.188270177001,1.4086097917136633,1.4087428168638427,1.408734002962128,8
16.236999999996861,28580.189345018,1.4086097917136633,1.408734002962128,1.4087225207440015,8
16.237999999996862,28580.190387246999,1.4086097917136633,1.4087225207440015,1.4087092078057082,8
16.238999999996864,28580.191448900001,1.4086097917136633,1.4087092078057082,1.4086947782114361,8
16.239999999996865,28580.192507317999,1.4086097917136633,1.4086947782114361,1.4086797641175104,8
16.240999999996866,28580.193556468999,1.4086097917136633,1.4086797641175104,1.4086645480394895,8
16.241999999996867,28580.194608883001,1.4086097917136633,1.4086645480394895,1.4086494097028492,8
16.242999999996869,28580.195662064001,1.4086097917136633,1.4086494097028492,1.4086345625234484,8
16.24399999999687,28580.196714477999,1.4086097917136633,1.4086345625234484,1.4086201766288404,8
16.244999999996871,28580.197776845998,1.4086097917136633,1.4086201766288404,1.4086063918328464,8
16.245999999996872,28580.198825699001,1.4086097917136633,1.4086063918328464,1.4085933242810036,8
16.246999999996873,28580.199887775001,1.4086097917136633,1.4085933242810036,1.4085810693911687,8
16.247999999996875,28580.200936837002,1.4086097917136633,1.4085810693911687,1.4085697028314896,8
16.248999999996876,28580.201988483001,1.4086097917136633,1.4085697028314896,1.4085592807185427,8
16.249999999996877,28580.203019287001,1.4086097917136633,1.4085592807185427,1.4085498398134555,8
16.250999999996878,28580.204078053001,1.4086097917136633,1.4085498398134555,1.408541398156645,8
16.25199999999688,28580.205139742,1.4086097917136633,1.408541398156645,1.4085339563067003,8
16.252999999996881,28580.206197838001,1.4086097917136633,1.4085339563067003,1.4085274991508785,8
16.253999999996882,28580.207247106999,1.4086097917136633,1.4085274991508785,1.4085219981378239,8
16.254999999996883,28580.208308531001,1.4086097917136633,1.4085219981378239,1.4085174137365615,8
16.255999999996884,28580.209357332002,1.4086097917136633,1.4085174137365615,1.4085136979301889,8
16.256999999996886,28580.210411941,1.4086097917136633,1.4085136979301889,1.4085107965872345,8
16.257999999996887,28580.211473455001,1.4086097917136633,1.4085107965872345,1.4085086516008249,8
16.258999999996888,28580.212521168,1.4086097917136633,1.4085086516008249,1.4085072027331214,8
16.259999999996889,28580.213573041001,1.4086097917136633,1.4085072027331214,1.4085063891426415,8
16.260999999996891,28580.214624229,1.4086097917136633,1.4085063891426415,1.4085061506019374,8
16.261999999996892,28580.215686795,1.4086097917136633,1.4085061506019374,1.4085064284324444,8
16.262999999996893,28580.216746033999,1.4086097917136633,1.4085064284324444,1.4085071661936166,8
16.263999999996894,28580.217794112999,1.4086097917136633,1.4085071661936166,1.4085083101668867,8
16.264999999996895,28580.218846086002,1.4086097917136633,1.4085083101668867,1.408509809673762,8
16.265999999996897,28580.219908403,1.4086097917136633,1.408509809673762,1.4085116172634233,8
16.266999999996898,28580.220978198999,1.4086097917136633,1.4085116172634233,1.4085136887999965,8
16.267999999996899,28580.222003815001,1.4086097917136633,1.4085136887999965,1.4085159834742356,8
16.2689999999969,28580.223065990998,1.4086097917136633,1.4085159834742356,1.4085184637592867,8
16.269999999996902,28580.224115108998,1.4086097917136633,1.4085184637592867,1.4085210953258245,8
16.270999999996903,28580.225176694999,1.4086097917136633,1.4085210953258245,1.4085238469282493,8
16.271999999996904,28580.226225073999,1.4086097917136633,1.4085238469282493,1.4085266902707909,8
16.272999999996905,28580.227278122002,1.4086097917136633,1.4085266902707909,1.4085295998601839,8
16.273999999996906,28580.228329721998,1.4086097917136633,1.4085295998601839,1.4085325528499384,8
16.274999999996908,28580.229381306999,1.4086097917136633,1.4085325528499384,1.4085355288800234,8
16.275999999996909,28580.230433515,1.4086097917136633,1.4085355288800234,1.4085385099148811,8
16.27699999999691,28580.231496183998,1.4086097917136633,1.4085385099148811,1.4085414800820355,8
16.277999999996911,28580.232546144001,1.4086097917136633,1.4085414800820355,1.4085444255130641,8
16.278999999996913,28580.233598588002,1.4086097917136633,1.4085444255130641,1.4085473341883179,8
16.279999999996914,28580.234650348,1.4086097917136633,1.4085473341883179,1.4085501957864852,8
16.280999999996915,28580.235704998999,1.4086097917136633,1.4085501957864852,1.4085530015398473,8
16.281999999996916,28580.236756374001,1.4086097917136633,1.4085530015398473,1.4085557440958754,8
16.282999999996917,28580.237808514001,1.4086097917136633,1.4085557440958754,1.408558417385646,8
16.283999999996919,28580.238860611,1.4086097917136633,1.408558417385646,1.4085610164994053,8
16.28499999999692,28580.239913078,1.4086097917136633,1.4085610164994053,1.408563537569482,8
16.285999999996921,28580.240965126999,1.4086097917136633,1.408563537569482,1.4085659776606412,8
16.286999999996922,28580.242002849998,1.4086097917136633,1.4085659776606412,1.4085683346678735,8
16.287999999996924,28580.243055727999,1.4086097917136633,1.4085683346678735,1.4085706072215318,8
16.288999999996925,28580.244107875998,1.4086097917136633,1.4085706072215318,1.4085727945996616,8
16.289999999996926,28580.245160994,1.4086097917136633,1.4085727945996616,1.4085748966473135,8
16.290999999996927,28580.246213331,1.4086097917136633,1.4085748966473135,1.4085769137025841,8
16.291999999996928,28580.247265705999,1.4086097917136633,1.4085769137025841,1.4085788465290909,8
16.29299999999693,28580.248318342001,1.4086097917136633,1.4085788465290909,1.4085806962545691,8
16.293999999996931,28580.249370772999,1.4086097917136633,1.4085806962545691,1.4085824643152527,8
16.294999999996932,28580.250423236001,1.4086097917136633,1.4085824643152527,1.4085841524056981,8
16.295999999996933,28580.251475886002,1.4086097917136633,1.4085841524056981,1.4085857624336982,8
16.296999999996935,28580.252528018998,1.4086097917136633,1.4085857624336982,1.4085872964799384,8
16.297999999996936,28580.253580119999,1.4086097917136633,1.4085872964799384,1.4085887567620512,8
16.298999999996937,28580.254632398999,1.4086097917136633,1.4085887567620512,1.4085901456027283,8
16.299999999996938,28580.255684652999,1.4086097917136633,1.4085901456027283,1.4085914654015688,8
16.300999999996939,28580.256737483,1.4086097917136633,1.4085914654015688,1.4085927186103455,8
16.301999999996941,28580.257788922001,1.4086097917136633,1.4085927186103455,1.4085939077113931,8
16.302999999996942,28580.258841049999,1.4086097917136633,1.4085939077113931,1.4085950351988328,8
16.303999999996943,28580.259893421,1.4086097917136633,1.4085950351988328,1.4085961035623678,8
16.304999999996944,28580.260945986,1.4086097917136633,1.4085961035623678,1.4085971152733967,8
16.305999999996946,28580.261998305999,1.4086097917136633,1.4085971152733967,1.4085980727732133,8
16.306999999996947,28580.263003825999,1.4086097917136633,1.4085980727732133,1.4085989784630739,8
16.307999999996948,28580.264055993001,1.4086097917136633,1.4085989784630739,1.408599834695933,8
16.308999999996949,28580.265108263,1.4086097917136633,1.408599834695933,1.4086006437696608,8
16.30999999999695,28580.266160971001,1.4086097917136633,1.4086006437696608,1.4086014079215747,8
16.310999999996952,28580.267212789,1.4086097917136633,1.4086014079215747,1.4086021293241293,8
16.311999999996953,28580.268265079001,1.4086097917136633,1.4086021293241293,1.4086028100816241,8
16.312999999996954,28580.269317261998,1.4086097917136633,1.4086028100816241,1.4086034522278013,8
16.313999999996955,28580.270369696002,1.4086097917136633,1.4086034522278013,1.4086040577242176,8
16.314999999996957,28580.271421892001,1.4086097917136633,1.4086040577242176,1.4086046284592884,8
16.315999999996958,28580.272474966001,1.4086097917136633,1.4086046284592884,1.4086051662479073,8
16.316999999996959,28580.273526657002,1.4086097917136633,1.4086051662479073,1.4086056728315621,8
16.31799999999696,28580.274579425,1.4086097917136633,1.4086056728315621,1.4086061498788682,8
16.318999999996961,28580.275631674001,1.4086097917136633,1.4086061498788682,1.4086065989864578,8
16.319999999996963,28580.276685015,1.4086097917136633,1.4086065989864578,1.4086070216801636,8
16.320999999996964,28580.277735823998,1.4086097917136633,1.4086070216801636,1.408607419416446,8
16.321999999996965,28580.278789148,1.4086097917136633,1.408607419416446,1.4086077935840193,8
16.322999999996966,28580.279841168998,1.4086097917136633,1.4086077935840193,1.4086081455056365,8
16.323999999996968,28580.280893188999,1.4086097917136633,1.4086081455056365,1.4086084764399978,8
16.324999999996969,28580.281945860999,1.4086097917136633,1.4086084764399978,1.4086087875837532,8
16.32599999999697,28580.282997488001,1.4086097917136633,1.4086087875837532,1.4086090800735735,8
16.326999999996971,28580.284003715002,1.4086097917136633,1.4086090800735735,1.4086093549882657,8
16.327999999996972,28580.285055957,1.4086097917136633,1.4086093549882657,1.4086096133509145,8
16.328999999996974,28580.286107929001,1.4086097917136633,1.4086096133509145,1.408609856131035,8
16.329999999996975,28580.287160006999,1.4086097917136633,1.408609856131035,1.408610084246718,8
16.330999999996976,28580.288212462001,1.4086097917136633,1.408610084246718,1.4086102985667621,8
16.331999999996977,28580.289265068001,1.4086097917136633,1.4086102985667621,1.408610499912778,8
16.332999999996979,28580.290317301999,1.4086097917136633,1.408610499912778,1.4086106890612582,8
16.33399999999698,28580.291369002,1.4086097917136633,1.4086106890612582,1.4086108667456072,8
16.334999999996981,28580.292420934999,1.4086097917136633,1.4086108667456072,1.4086110336581241,8
16.335999999996982,28580.293472641999,1.4086097917136633,1.4086110336581241,1.4086111904519349,8
16.336999999996983,28580.294525374,1.4086097917136633,1.4086111904519349,1.40861133774287,8
16.337999999996985,28580.295577327001,1.4086097917136633,1.40861133774287,1.4086114761112851,8
16.338999999996986,28580.296629738001,1.4086097917136633,1.4086114761112851,1.4086116061038243,8
16.339999999996987,28580.297682011002,1.4086097917136633,1.4086116061038243,1.4086117282351218,8
16.340999999996988,28580.298734255,1.4086097917136633,1.4086117282351218,1.4086118429894436,8
16.34199999999699,28580.299786797001,1.4086097917136633,1.4086118429894436,1.4086119508222683,8
16.342999999996991,28580.300839541,1.4086097917136633,1.4086119508222683,1.4086120521618066,8
16.343999999996992,28580.301891325002,1.4086097917136633,1.4086120521618066,1.40861214741046,8
16.344999999996993,28580.302943451999,1.4086097917136633,1.40861214741046,1.4086122369462202,8
16.345999999996994,28580.303995168,1.4086097917136633,1.4086122369462202,1.408612321124008,8
16.346999999996996,28580.305003600999,1.4086097917136633,1.408612321124008,1.4086124002769556,8
16.347999999996997,28580.30605598,1.4086097917136633,1.4086124002769556,1.4086124747176298,8
16.348999999996998,28580.307108937999,1.4086097917136633,1.4086124747176298,1.4086125447392022,8
16.349999999996999,28580.308161389999,1.4086097917136633,1.4086125447392022,1.4086126106165622,8
16.350999999997001,28580.309213933,1.4086097917136633,1.4086126106165622,1.4086126726073793,8
16.351999999997002,28580.310266070999,1.4086097917136633,1.4086126726073793,1.4086127309531129,8
16.352999999997003,28580.311318462998,1.4086097917136633,1.4086127309531129,1.4086127858799724,8
16.353999999997004,28580.312371110998,1.4086097917136633,1.4086127858799724,1.4086128375998297,8
16.354999999997005,28580.313422984,1.4086097917136633,1.4086128375998297,1.4086128863110841,8
16.355999999997007,28580.314474688999,1.4086097917136633,1.4086128863110841,1.4086129321994836,8
16.356999999997008,28580.3155271,1.4086097917136633,1.4086129321994836,1.4086129754389016,8
16.357999999997009,28580.316579178001,1.4086097917136633,1.4086129754389016,1.4086130161920727,8
16.35899999999701,28580.317631341,1.4086097917136633,1.4086130161920727,1.4086130546112883,8
16.359999999997012,28580.318683451998,1.4086097917136633,1.4086130546112883,1.4086130908390537,8
16.360999999997013,28580.319736084999,1.4086097917136633,1.4086130908390537,1.4086131250087086,8
16.361999999997014,28580.320788600999,1.4086097917136633,1.4086131250087086,1.408613157245012,8
16.362999999997015,28580.321840928002,1.4086097917136633,1.408613157245012,1.4086131876646937,8
16.363999999997016,28580.322893062999,1.4086097917136633,1.4086131876646937,1.4086132163769729,8
16.364999999997018,28580.323945941,1.4086097917136633,1.4086132163769729,1.4086132434840475,8
16.365999999997019,28580.324998017,1.4086097917136633,1.4086132434840475,1.4086132690815527,8
16.36699999999702,28580.326002758,1.4086097917136633,1.4086132690815527,1.4086132932589923,8
16.367999999997021,28580.327054990001,1.4086097917136633,1.4086132932589923,1.408613316100144,8
16.368999999997023,28580.328107652,1.4086097917136633,1.408613316100144,1.4086133376834382,8
16.369999999997024,28580.329160187001,1.4086097917136633,1.4086133376834382,1.4086133580823148,8
16.370999999997025,28580.330212009001,1.4086097917136633,1.4086133580823148,1.4086133773655558,8
16.371999999997026,28580.331264403001,1.4086097917136633,1.4086133773655558,1.4086133955975968,8
16.372999999997027,28580.33231654,1.4086097917136633,1.4086133955975968,1.4086134128388195,8
16.373999999997029,28580.333368144999,1.4086097917136633,1.4086134128388195,1.4086134291458232,8
16.37499999999703,28580.334420453,1.4086097917136633,1.4086134291458232,1.4086134445716803,8
16.375999999997031,28580.335473012001,1.4086097917136633,1.4086134445716803,1.4086134591661725,8
16.376999999997032,28580.336525661001,1.4086097917136633,1.4086134591661725,1.4086134729760134,8
16.377999999997034,28580.337578028,1.4086097917136633,1.4086134729760134,1.4086134860450543,8
16.378999999997035,28580.338630106999,1.4086097917136633,1.4086134860450543,1.4086134984144771,8
16.379999999997036,28580.339681844998,1.4086097917136633,1.4086134984144771,1.4086135101229731,8
16.380999999997037,28580.340734648998,1.4086097917136633,1.4086135101229731,1.4086135212069093,8
16.381999999997038,28580.341787280999,1.4086097917136633,1.4086135212069093,1.4086135317004842,8
16.38299999999704,28580.342839853001,1.4086097917136633,1.4086135317004842,1.4086135416358718,8
16.383999999997041,28580.343892812001,1.4086097917136633,1.4086135416358718,1.4086135510433553,8
16.384999999997042,28580.344945485002,1.4086097917136633,1.4086135510433553,1.408613559951452,8
16.385999999997043,28580.345997182001,1.4086097917136633,1.408613559951452,1.4086135683870289,8
16.386999999997045,28580.347003921001,1.4086097917136633,1.4086135683870289,1.4086135763754104,8
16.387999999997046,28580.348056055002,1.4086097917136633,1.4086135763754104,1.4086135839404779,8
16.388999999997047,28580.349107866001,1.4086097917136633,1.4086135839404779,1.4086135911047626,8
16.389999999997048,28580.350159787002,1.4086097917136633,1.4086135911047626,1.4086135978895311,8
16.390999999997049,28580.351212152,1.4086097917136633,1.4086135978895311,1.4086136043148663,8
16.391999999997051,28580.352264751,1.4086097917136633,1.4086136043148663,1.4086136103997404,8
16.392999999997052,28580.353317264999,1.4086097917136633,1.4086136103997404,1.408613616162085,8
16.393999999997053,28580.354369155,1.4086097917136633,1.408613616162085,1.4086136216188541,8
16.394999999997054,28580.355422199998,1.4086097917136633,1.4086136216188541,1.408613626786084,8
16.395999999997056,28580.356473838001,1.4086097917136633,1.408613626786084,1.4086136316789488,8
16.396999999997057,28580.357525890999,1.4086097917136633,1.4086136316789488,1.4086136363118114,8
16.397999999997058,28580.358577988001,1.4086097917136633,1.4086136363118114,1.408613640698271,8
16.398999999997059,28580.359630768002,1.4086097917136633,1.408613640698271,1.4086136448512088,8
16.39999999999706,28580.360684652002,1.4086097917136633,1.4086136448512088,1.408613648782828,8
16.400999999997062,28580.361736743002,1.4086097917136633,1.408613648782828,1.4086136525046933,8
16.401999999997063,28580.362788405,1.4086097917136633,1.4086136525046933,1.4086136560277667,8
16.402999999997064,28580.363840644,1.4086097917136633,1.4086136560277667,1.408613659362441,8
16.403999999997065,28580.364893006001,1.4086097917136633,1.408613659362441,1.4086136625185712,8
16.404999999997067,28580.365946147998,1.4086097917136633,1.4086136625185712,1.4086136655055042,8
16.405999999997068,28580.366997952999,1.4086097917136633,1.4086136655055042,1.4086136683321056,8
16.406999999997069,28580.368003203999,1.4086097917136633,1.4086136683321056,1.4086136710067858,8
16.40799999999707,28580.369055763,1.4086097917136633,1.4086136710067858,1.4086136735375243,8
16.408999999997071,28580.370107973999,1.4086097917136633,1.4086136735375243,1.4086136759318919,8
16.409999999997073,28580.371160184,1.4086097917136633,1.4086136759318919,1.4086136781970722,8
16.410999999997074,28580.372215814001,1.4086097917136633,1.4086136781970722,1.4086136803398817,8
16.411999999997075,28580.373266555998,1.4086097917136633,1.4086136803398817,1.4086136823667881,8
16.412999999997076,28580.374318251001,1.4086097917136633,1.4086136823667881,1.4086136842839287,8
16.413999999997078,28580.375371113001,1.4086097917136633,1.4086136842839287,1.4086136860971268,8
16.414999999997079,28580.376422653,1.4086097917136633,1.4086136860971268,1.4086136878119075,8
16.41599999999708,28580.377475726,1.4086097917136633,1.4086136878119075,1.4086136894335126,8
16.416999999997081,28580.378527621,1.4086097917136633,1.4086136894335126,1.4086136909669149,8
16.417999999997082,28580.379580173001,1.4086097917136633,1.4086136909669149,1.4086136924168313,8
16.418999999997084,28580.380632707001,1.4086097917136633,1.4086136924168313,1.4086136937877358,8
16.419999999997085,28580.381684589,1.4086097917136633,1.4086136937877358,1.4086136950838712,8
16.420999999997086,28580.382736963002,1.4086097917136633,1.4086136950838712,1.4086136963092608,8
16.421999999997087,28580.383789570998,1.4086097917136633,1.4086136963092608,1.4086136974677188,8
16.422999999997089,28580.384841568,1.4086097917136633,1.4086136974677188,1.4086136985628614,8
16.42399999999709,28580.385894136001,1.4086097917136633,1.4086136985628614,1.4086136995981156,8
16.424999999997091,28580.386945917999,1.4086097917136633,1.4086136995981156,1.4086137005767292,8
16.425999999997092,28580.387998333001,1.4086097917136633,1.4086137005767292,1.4086137015017797,8
16.426999999997093,28580.389003793,1.4086097917136633,1.4086137015017797,1.408613702376182,8
16.427999999997095,28580.390055708001,1.4086097917136633,1.408613702376182,1.4086137032026977,8
16.428999999997096,28580.391108475,1.4086097917136633,1.4086137032026977,1.4086137039839415,8
16.429999999997097,28580.392160607,1.4086097917136633,1.4086137039839415,1.4086137047223892,8
16.430999999997098,28580.393212579998,1.4086097917136633,1.4086137047223892,1.4086137054203849,8
16.4319999999971,28580.394265700001,1.4086097917136633,1.4086137054203849,1.4086137060801467,8
16.432999999997101,28580.395317490998,1.4086097917136633,1.4086137060801467,1.4086137067037738,8
16.433999999997102,28580.396369766,1.4086097917136633,1.4086137067037738,1.4086137072932527,8
16.434999999997103,28580.397422419999,1.4086097917136633,1.4086137072932527,1.4086137078504624,8
16.435999999997104,28580.398474196001,1.4086097917136633,1.4086137078504624,1.4086137083771797,8
16.436999999997106,28580.399526382,1.4086097917136633,1.4086137083771797,1.4086137088750854,8
16.437999999997107,28580.400579115001,1.4086097917136633,1.4086137088750854,1.4086137093457687,8
16.438999999997108,28580.401631821002,1.4086097917136633,1.4086137093457687,1.4086137097907319,8
16.439999999997109,28580.402683795,1.4086097917136633,1.4086137097907319,1.4086137102113947,8
16.440999999997111,28580.403735830001,1.4086097917136633,1.4086137102113947,1.4086137106090992,8
16.441999999997112,28580.404788575001,1.4086097917136633,1.4086137106090992,1.4086137109851138,8
16.442999999997113,28580.405840896001,1.4086097917136633,1.4086137109851138,1.4086137113406363,8
16.443999999997114,28580.406892692001,1.4086097917136633,1.4086137113406363,1.4086137116767987,8
16.444999999997115,28580.407944983999,1.4086097917136633,1.4086137116767987,1.4086137119946707,8
16.445999999997117,28580.409013175999,1.4086097917136633,1.4086137119946707,1.4086137122952618,8
16.446999999997118,28580.410071032002,1.4086097917136633,1.4086137122952618,1.4086137125795259,8
16.447999999997119,28580.411120769,1.4086097917136633,1.4086137125795259,1.408613712848364,8
16.44899999999712,28580.412182485001,1.4086097917136633,1.408613712848364,1.4086137131026266,8
16.449999999997122,28580.413231478,1.4086097917136633,1.4086137131026266,1.4086137133431169,8
16.450999999997123,28580.414293156002,1.4086097917136633,1.4086137133431169,1.4086137135705934,8
16.451999999997124,28580.415342233999,1.4086097917136633,1.4086137135705934,1.4086137137857719,8
16.452999999997125,28580.416403559,1.4086097917136633,1.4086137137857719,1.4086137139893284,8
16.453999999997126,28580.417461577999,1.4086097917136633,1.4086137139893284,1.4086137141819011,8
16.454999999997128,28580.418509966999,1.4086097917136633,1.4086137141819011,1.4086137143640922,8
16.455999999997129,28580.419571614999,1.4086097917136633,1.4086137143640922,1.4086137145364708,8
16.45699999999713,28580.420630114,1.4086097917136633,1.4086137145364708,1.4086137146995739,8
16.457999999997131,28580.421678653001,1.4086097917136633,1.4086137146995739,1.4086137148539084,8
16.458999999997133,28580.422740205999,1.4086097917136633,1.4086137148539084,1.4086137149999529,8
16.459999999997134,28580.423789117998,1.4086097917136633,1.4086137149999529,1.4086137151381595,8
16.460999999997135,28580.424840732001,1.4086097917136633,1.4086137151381595,1.4086137152689546,8
16.461999999997136,28580.425873482,1.4086097917136633,1.4086137152689546,1.4086137153927416,8
16.462999999997137,28580.426924275002,1.4086097917136633,1.4086137153927416,1.4086137155099006,8
16.463999999997139,28580.427975630999,1.4086097917136633,1.4086137155099006,1.408613715620791,8
16.46499999999714,28580.429003812002,1.4086097917136633,1.408613715620791,1.4086137157257523,8
16.465999999997141,28580.430055789999,1.4086097917136633,1.4086137157257523,1.4086137158251051,8
16.466999999997142,28580.431108643999,1.4086097917136633,1.4086137158251051,1.4086137159191521,8
16.467999999997144,28580.432160509001,1.4086097917136633,1.4086137159191521,1.4086137160081793,8
16.468999999997145,28580.433212946999,1.4086097917136633,1.4086137160081793,1.408613716092457,8
16.469999999997146,28580.434265184998,1.4086097917136633,1.408613716092457,1.4086137161722405,8
16.470999999997147,28580.435317762,1.4086097917136633,1.4086137161722405,1.4086137162477714,8
16.471999999997148,28580.436385158999,1.4086097917136633,1.4086137162477714,1.4086137163192776,8
16.47299999999715,28580.437442144001,1.4086097917136633,1.4086137163192776,1.4086137163869747,8
16.473999999997151,28580.438494477999,1.4086097917136633,1.4086137163869747,1.4086137164510666,8
16.474999999997152,28580.439548112001,1.4086097917136633,1.4086137164510666,1.4086137165117461,8
16.475999999997153,28580.440604112999,1.4086097917136633,1.4086137165117461,1.4086137165691952,8
16.476999999997155,28580.44166244,1.4086097917136633,1.4086137165691952,1.4086137166235864,8
16.477999999997156,28580.442716132002,1.4086097917136633,1.4086137166235864,1.4086137166750825,8
16.478999999997157,28580.443769852001,1.4086097917136633,1.4086137166750825,1.4086137167238377,8
16.479999999997158,28580.444824016002,1.4086097917136633,1.4086137167238377,1.4086137167699979,8
16.480999999997159,28580.445878163999,1.4086097917136633,1.4086137167699979,1.4086137168137012,8
16.481999999997161,28580.446929451999,1.4086097917136633,1.4086137168137012,1.4086137168550781,8
16.482999999997162,28580.447991920999,1.4086097917136633,1.4086137168550781,1.4086137168942521,8
16.483999999997163,28580.449003351001,1.4086097917136633,1.4086137168942521,1.40861371693134,8
16.484999999997164,28580.450055215999,1.4086097917136633,1.40861371693134,1.4086137169664528,8
16.485999999997166,28580.451107569999,1.4086097917136633,1.4086137169664528,1.4086137169996951,8
16.486999999997167,28580.452159941,1.4086097917136633,1.4086137169996951,1.4086137170311661,8
16.487999999997168,28580.453211352,1.4086097917136633,1.4086137170311661,1.4086137170609596,8
16.488999999997169,28580.454263493,1.4086097917136633,1.4086137170609596,1.4086137170891648,8
16.48999999999717,28580.455315503001,1.4086097917136633,1.4086137170891648,1.4086137171158657,8
16.490999999997172,28580.456376225,1.4086097917136633,1.4086137171158657,1.4086137171411421,8
16.491999999997173,28580.457435166001,1.4086097917136633,1.4086137171411421,1.4086137171650697,8
16.492999999997174,28580.458493498001,1.4086097917136633,1.4086137171650697,1.4086137171877198,8
16.493999999997175,28580.459542717999,1.4086097917136633,1.4086137171877198,1.4086137172091602,8
16.494999999997177,28580.460596475001,1.4086097917136633,1.4086137172091602,1.4086137172294551,8
16.495999999997178,28580.461648902001,1.4086097917136633,1.4086137172294551,1.4086137172486652,8
16.496999999997179,28580.462701457,1.4086097917136633,1.4086137172486652,1.4086137172668483,8
16.49799999999718,28580.463753389999,1.4086097917136633,1.4086137172668483,1.4086137172840587,8
16.498999999997181,28580.464804923002,1.4086097917136633,1.4086137172840587,1.4086137173003483,8
16.499999999997183,28580.465857129999,1.4086097917136633,1.4086137173003483,1.408613717315766,8
16.500999999997184,28580.466912067001,1.4086097917136633,1.408613717315766,1.4086137173303581,8
16.501999999997185,28580.467954928001,1.4086097917136633,1.4086137173303581,1.4086137173441686,8
16.502999999997186,28580.469027861,1.4086097917136633,1.4086137173441686,1.4086137173572391,8
16.503999999997188,28580.470087591999,1.4086097917136633,1.4086137173572391,1.4086137173696089,8
16.504999999997189,28580.471134332001,1.4086097917136633,1.4086137173696089,1.4086137173813156,8
16.50599999999719,28580.472187151001,1.4086097917136633,1.4086137173813156,1.4086137173923943,8
16.506999999997191,28580.473239063998,1.4086097917136633,1.4086137173923943,1.4086137174028786,8
16.507999999997192,28580.474300354999,1.4086097917136633,1.4086137174028786,1.4086137174128002,8
16.508999999997194,28580.475348806001,1.4086097917136633,1.4086137174128002,1.4086137174221893,8
16.509999999997195,28580.476410833999,1.4086097917136633,1.4086137174221893,1.4086137174310744,8
16.510999999997196,28580.477459938,1.4086097917136633,1.4086137174310744,1.4086137174394824,8
16.511999999997197,28580.478516686999,1.4086097917136633,1.4086137174394824,1.4086137174474389,8
16.512999999997199,28580.479577979,1.4086097917136633,1.4086137174474389,1.408613717454968,8
16.5139999999972,28580.480636920001,1.4086097917136633,1.408613717454968,1.4086137174620927,8
16.514999999997201,28580.481685407001,1.4086097917136633,1.4086137174620927,1.4086137174688347,8
16.515999999997202,28580.482737511,1.4086097917136633,1.4086137174688347,1.4086137174752145,8
16.516999999997203,28580.483789228001,1.4086097917136633,1.4086137174752145,1.4086137174812514,8
16.517999999997205,28580.484850777,1.4086097917136633,1.4086137174812514,1.408613717486964,8
16.518999999997206,28580.485908677001,1.4086097917136633,1.408613717486964,1.4086137174923696,8
16.519999999997207,28580.486967248999,1.4086097917136633,1.4086137174923696,1.4086137174974849,8
16.520999999997208,28580.488017456999,1.4086097917136633,1.4086137174974849,1.4086137175023252,8
16.52199999999721,28580.489076360001,1.4086097917136633,1.4086137175023252,1.4086137175069056,8
16.522999999997211,28580.490134969001,1.4086097917136633,1.4086137175069056,1.4086137175112401,8
16.523999999997212,28580.491193391001,1.4086097917136633,1.4086137175112401,1.4086137175153417,8
16.524999999997213,28580.492242724999,1.4086097917136633,1.4086137175153417,1.408613717519223,8
16.525999999997214,28580.493303837,1.4086097917136633,1.408613717519223,1.4086137175228961,8
16.526999999997216,28580.494362369001,1.4086097917136633,1.4086137175228961,1.408613717526372,8
16.527999999997217,28580.495420783998,1.4086097917136633,1.408613717526372,1.4086137175296614,8
16.528999999997218,28580.496479310001,1.4086097917136633,1.4086137175296614,1.4086137175327742,8
16.529999999997219,28580.497528404001,1.4086097917136633,1.4086137175327742,1.4086137175357203,8
16.530999999997221,28580.498589956002,1.4086097917136633,1.4086137175357203,1.4086137175385083,8
16.531999999997222,28580.499638497,1.4086097917136633,1.4086137175385083,1.4086137175411468,8
16.532999999997223,28580.500691040001,1.4086097917136633,1.4086137175411468,1.408613717543644,8
16.533999999997224,28580.501751477001,1.4086097917136633,1.408613717543644,1.4086137175460074,8
16.534999999997225,28580.502804162999,1.4086097917136633,1.4086137175460074,1.4086137175482443,8
16.535999999997227,28580.503865836999,1.4086097917136633,1.4086137175482443,1.4086137175503615,8
16.536999999997228,28580.504924106001,1.4086097917136633,1.4086137175503615,1.4086137175523652,8
16.537999999997229,28580.505985768999,1.4086097917136633,1.4086137175523652,1.4086137175542619,8
16.53899999999723,28580.507013957998,1.4086097917136633,1.4086137175542619,1.4086137175560571,8
16.539999999997232,28580.508071910001,1.4086097917136633,1.4086137175560571,1.4086137175577562,8
16.540999999997233,28580.509129893999,1.4086097917136633,1.4086137175577562,1.4086137175593645,8
16.541999999997234,28580.510178662,1.4086097917136633,1.4086137175593645,1.4086137175608868,8
16.542999999997235,28580.51123086,1.4086097917136633,1.4086137175608868,1.4086137175623279,8
16.543999999997236,28580.512283373999,1.4086097917136633,1.4086137175623279,1.4086137175636921,8
16.544999999997238,28580.513336869,1.4086097917136633,1.4086137175636921,1.4086137175649835,8
16.545999999997239,28580.514388694999,1.4086097917136633,1.4086137175649835,1.4086137175662059,8
16.54699999999724,28580.515463127998,1.4086097917136633,1.4086137175662059,1.4086137175673632,8
16.547999999997241,28580.516505650001,1.4086097917136633,1.4086137175673632,1.4086137175684588,8
16.548999999997243,28580.5175585,1.4086097917136633,1.4086137175684588,1.4086137175694959,8
16.549999999997244,28580.51861897,1.4086097917136633,1.4086137175694959,1.4086137175704778,8
16.550999999997245,28580.519667156001,1.4086097917136633,1.4086137175704778,1.4086137175714073,8
16.551999999997246,28580.520719592001,1.4086097917136633,1.4086137175714073,1.4086137175722873,8
16.552999999997247,28580.521770900999,1.4086097917136633,1.4086137175722873,1.4086137175731204,8
16.553999999997249,28580.522832121002,1.4086097917136633,1.4086137175731204,1.4086137175739091,8
16.55499999999725,28580.523889428001,1.4086097917136633,1.4086137175739091,1.4086137175746558,8
16.555999999997251,28580.524946969999,1.4086097917136633,1.4086137175746558,1.4086137175753628,8
16.556999999997252,28580.526013899002,1.4086097917136633,1.4086137175753628,1.4086137175760323,8
16.557999999997254,28580.527062921999,1.4086097917136633,1.4086137175760323,1.408613717576666,8
16.558999999997255,28580.528115323999,1.4086097917136633,1.408613717576666,1.4086137175772662,8
16.559999999997256,28580.529171221999,1.4086097917136633,1.4086137175772662,1.4086137175778344,8
16.560999999997257,28580.530223269001,1.4086097917136633,1.4086137175778344,1.4086137175783724,8
16.561999999997258,28580.531275239999,1.4086097917136633,1.4086137175783724,1.4086137175788818,8
16.56299999999726,28580.532327272998,1.4086097917136633,1.4086137175788818,1.408613717579364,8
16.563999999997261,28580.533379078999,1.4086097917136633,1.408613717579364,1.4086137175798206,8
16.564999999997262,28580.534440199001,1.4086097917136633,1.4086137175798206,1.4086137175802529,8
16.565999999997263,28580.535488219,1.4086097917136633,1.4086137175802529,1.4086137175806621,8
16.566999999997265,28580.536539928002,1.4086097917136633,1.4086137175806621,1.4086137175810496,8
16.567999999997266,28580.537592526998,1.4086097917136633,1.4086137175810496,1.4086137175814166,8
16.568999999997267,28580.538644528999,1.4086097917136633,1.4086137175814166,1.4086137175817641,8
16.569999999997268,28580.539696665001,1.4086097917136633,1.4086137175817641,1.4086137175820932,8
16.570999999997269,28580.540758796,1.4086097917136633,1.4086137175820932,1.4086137175824047,8
16.571999999997271,28580.541807343001,1.4086097917136633,1.4086137175824047,1.4086137175826996,8
16.572999999997272,28580.542859016001,1.4086097917136633,1.4086137175826996,1.4086137175829787,8
16.573999999997273,28580.543910649001,1.4086097917136633,1.4086137175829787,1.4086137175832429,8
16.574999999997274,28580.544971840001,1.4086097917136633,1.4086137175832429,1.4086137175834932,8
16.575999999997276,28580.546003643001,1.4086097917136633,1.4086137175834932,1.4086137175837301,8
16.576999999997277,28580.547064984999,1.4086097917136633,1.4086137175837301,1.4086137175839544,8
16.577999999997278,28580.548113495999,1.4086097917136633,1.4086137175839544,1.4086137175841669,8
16.578999999997279,28580.549165294,1.4086097917136633,1.4086137175841669,1.408613717584368,8
16.57999999999728,28580.550217587999,1.4086097917136633,1.408613717584368,1.4086137175845583,8
16.580999999997282,28580.551278847001,1.4086097917136633,1.4086137175845583,1.4086137175847386,8
16.581999999997283,28580.552327726,1.4086097917136633,1.4086137175847386,1.4086137175849094,8
16.582999999997284,28580.55338026,1.4086097917136633,1.4086137175849094,1.408613717585071,8
16.583999999997285,28580.554451502001,1.4086097917136633,1.408613717585071,1.408613717585224,8
16.584999999997287,28580.555496558001,1.4086097917136633,1.408613717585224,1.4086137175853688,8
16.585999999997288,28580.556561506,1.4086097917136633,1.4086137175853688,1.4086137175855058,8
16.586999999997289,28580.557617113001,1.4086097917136633,1.4086137175855058,1.4086137175856355,8
16.58799999999729,28580.558665921999,1.4086097917136633,1.4086137175856355,1.4086137175857583,8
16.588999999997291,28580.559717515,1.4086097917136633,1.4086137175857583,1.4086137175858746,8
16.589999999997293,28580.560777817998,1.4086097917136633,1.4086137175858746,1.4086137175859847,8
16.590999999997294,28580.561826105,1.4086097917136633,1.4086137175859847,1.4086137175860889,8
16.591999999997295,28580.562878072,1.4086097917136633,1.4086137175860889,1.4086137175861875,8
16.592999999997296,28580.563939259999,1.4086097917136633,1.4086137175861875,1.408613717586281,8
16.593999999997298,28580.564987866001,1.4086097917136633,1.408613717586281,1.4086137175863693,8
16.594999999997299,28580.566010270999,1.4086097917136633,1.4086137175863693,1.408613717586453,8
16.5959999999973,28580.567059634999,1.4086097917136633,1.408613717586453,1.4086137175865323,8
16.596999999997301,28580.568111556,1.4086097917136633,1.4086137175865323,1.4086137175866074,8
16.597999999997302,28580.569173101001,1.4086097917136633,1.4086137175866074,1.4086137175866784,8
16.598999999997304,28580.570221659,1.4086097917136633,1.4086137175866784,1.4086137175867457,8
16.599999999997305,28580.571284201,1.4086097917136633,1.4086137175867457,1.4086137175868094,8
16.600999999997306,28580.572334928002,1.4086097917136633,1.4086137175868094,1.4086137175868696,8
16.601999999997307,28580.573397674001,1.4086097917136633,1.4086137175868696,1.4086137175869267,8
16.602999999997309,28580.574410606001,1.4086097917136633,1.4086137175869267,1.4086137175869806,8
16.60399999999731,28580.575461141001,1.4086097917136633,1.4086137175869806,1.4086137175870317,8
16.604999999997311,28580.576517417001,1.4086097917136633,1.4086137175870317,1.4086137175870801,8
16.605999999997312,28580.577569658999,1.4086097917136633,1.4086137175870801,1.4086137175871258,8
16.606999999997313,28580.578621876,1.4086097917136633,1.4086137175871258,1.4086137175871691,8
16.607999999997315,28580.579674248002,1.4086097917136633,1.4086137175871691,1.4086137175872102,8
16.608999999997316,28580.580726639,1.4086097917136633,1.4086137175872102,1.4086137175872491,8
16.609999999997317,28580.581778863001,1.4086097917136633,1.4086137175872491,1.4086137175872857,8
16.610999999997318,28580.582831044001,1.4086097917136633,1.4086137175872857,1.4086137175873206,8
16.61199999999732,28580.583892387,1.4086097917136633,1.4086137175873206,1.4086137175873534,8
16.612999999997321,28580.584941162,1.4086097917136633,1.4086137175873534,1.4086137175873845,8
16.613999999997322,28580.585993211,1.4086097917136633,1.4086137175873845,1.408613717587414,8
16.614999999997323,28580.587003514,1.4086097917136633,1.408613717587414,1.408613717587442,8
16.615999999997324,28580.588055015,1.4086097917136633,1.408613717587442,1.4086137175874685,8
16.616999999997326,28580.589109304001,1.4086097917136633,1.4086137175874685,1.4086137175874935,8
16.617999999997327,28580.590160673,1.4086097917136633,1.4086137175874935,1.4086137175875173,8
16.618999999997328,28580.591213043001,1.4086097917136633,1.4086137175875173,1.4086137175875397,8
16.619999999997329,28580.592264622999,1.4086097917136633,1.4086137175875397,1.4086137175875608,8
16.620999999997331,28580.593316654998,1.4086097917136633,1.4086137175875608,1.4086137175875808,8
16.621999999997332,28580.594378010999,1.4086097917136633,1.4086137175875808,1.4086137175875999,8
16.622999999997333,28580.59546561,1.4086097917136633,1.4086137175875999,1.4086137175876179,8
16.623999999997334,28580.596521387,1.4086097917136633,1.4086137175876179,1.408613717587635,8
16.624999999997335,28580.59756989,1.4086097917136633,1.408613717587635,1.4086137175876512,8
16.625999999997337,28580.598629742999,1.4086097917136633,1.4086137175876512,1.4086137175876665,8
16.626999999997338,28580.599681566,1.4086097917136633,1.4086137175876665,1.4086137175876809,8
16.627999999997339,28580.600733452,1.4086097917136633,1.4086137175876809,1.4086137175876947,8
16.62899999999734,28580.601784971001,1.4086097917136633,1.4086137175876947,1.4086137175877076,8
16.629999999997342,28580.602836745002,1.4086097917136633,1.4086137175877076,1.4086137175877198,8
16.630999999997343,28580.603889902999,1.4086097917136633,1.4086137175877198,1.4086137175877314,8
16.631999999997344,28580.604941360001,1.4086097917136633,1.4086137175877314,1.4086137175877422,8
16.632999999997345,28580.605994983998,1.4086097917136633,1.4086137175877422,1.4086137175877527,8
16.633999999997346,28580.607003441,1.4086097917136633,1.4086137175877527,1.4086137175877624,8
16.634999999997348,28580.608055484001,1.4086097917136633,1.4086137175877624,1.4086137175877718,8
16.635999999997349,28580.609107797001,1.4086097917136633,1.4086137175877718,1.4086137175877806,8
16.63699999999735,28580.610159666001,1.4086097917136633,1.4086137175877806,1.4086137175877891,8
16.637999999997351,28580.611211227999,1.4086097917136633,1.4086137175877891,1.4086137175877971,8
16.638999999997353,28580.612298970998,1.4086097917136633,1.4086137175877971,1.4086137175878046,8
16.639999999997354,28580.613350767999,1.4086097917136633,1.4086137175878046,1.4086137175878117,8
16.640999999997355,28580.614402751002,1.4086097917136633,1.4086137175878117,1.4086137175878184,8
16.641999999997356,28580.615454561001,1.4086097917136633,1.4086137175878184,1.4086137175878248,8
16.642999999997357,28580.616506587001,1.4086097917136633,1.4086137175878248,1.4086137175878308,8
16.643999999997359,28580.617558811999,1.4086097917136633,1.4086137175878308,1.4086137175878366,8
16.64499999999736,28580.618610770001,1.4086097917136633,1.4086137175878366,1.4086137175878419,8
16.645999999997361,28580.619662762001,1.4086097917136633,1.4086137175878419,1.408613717587847,8
16.646999999997362,28580.620714365999,1.4086097917136633,1.408613717587847,1.4086137175878519,8
16.647999999997364,28580.621767970999,1.4086097917136633,1.4086137175878519,1.4086137175878566,8
16.648999999997365,28580.622829967,1.4086097917136633,1.4086137175878566,1.4086137175878608,8
16.649999999997366,28580.623878455001,1.4086097917136633,1.4086137175878608,1.4086137175878648,8
16.650999999997367,28580.624930832,1.4086097917136633,1.4086137175878648,1.4086137175878686,8
16.651999999997368,28580.625983018999,1.4086097917136633,1.4086137175878686,1.4086137175878723,8
16.65299999999737,28580.627003016001,1.4086097917136633,1.4086137175878723,1.4086137175878759,8
16.653999999997371,28580.628054958001,1.4086097917136633,1.4086137175878759,1.4086137175878792,8
16.654999999997372,28580.629107225999,1.4086097917136633,1.4086137175878792,1.4086137175878823,8
16.655999999997373,28580.630158762,1.4086097917136633,1.4086137175878823,1.4086137175878852,8
16.656999999997375,28580.631210871001,1.4086097917136633,1.4086137175878852,1.4086137175878881,8
16.657999999997376,28580.632262882002,1.4086097917136633,1.4086137175878881,1.4086137175878908,8
16.658999999997377,28580.633315193001,1.4086097917136633,1.4086137175878908,1.4086137175878932,8
16.659999999997378,28580.634366893999,1.4086097917136633,1.4086137175878932,1.4086137175878957,8
16.660999999997379,28580.635419050999,1.4086097917136633,1.4086137175878957,1.4086137175878979,8
16.661999999997381,28580.636470567999,1.4086097917136633,1.4086137175878979,1.4086137175878999,8
16.662999999997382,28580.637524119,1.4086097917136633,1.4086137175878999,1.4086137175879019,8
16.663999999997383,28580.638577779999,1.4086097917136633,1.4086137175879019,1.4086137175879039,8
16.664999999997384,28580.639631931001,1.4086097917136633,1.4086137175879039,1.4086137175879057,8
16.665999999997386,28580.640683324,1.4086097917136633,1.4086137175879057,1.4086137175879074,8
16.666999999997387,28580.641735306999,1.4086097917136633,1.4086137175879074,1.408613717587909,8
16.667999999997388,28580.642787643999,1.4086097917136633,1.408613717587909,1.4086137175879105,8
16.668999999997389,28580.643839725999,1.4086097917136633,1.4086137175879105,1.4086137175879119,8
16.66999999999739,28580.64490123,1.4086097917136633,1.4086137175879119,1.4086137175879132,8
16.670999999997392,28580.645950474001,1.4086097917136633,1.4086137175879132,1.4086137175879145,8
16.671999999997393,28580.647019218999,1.4086097917136633,1.4086137175879145,1.4086137175879156,8
16.672999999997394,28580.648076829999,1.4086097917136633,1.4086137175879156,1.4086137175879168,8
16.673999999997395,28580.649116248002,1.4086097917136633,1.4086137175879168,1.4086137175879179,8
16.674999999997397,28580.650167029002,1.4086097917136633,1.4086137175879179,1.408613717587919,8
16.675999999997398,28580.651219526,1.4086097917136633,1.408613717587919,1.4086137175879199,8
16.676999999997399,28580.652270775001,1.4086097917136633,1.4086137175879199,1.4086137175879208,8
16.6779999999974,28580.653322916001,1.4086097917136633,1.4086137175879208,1.4086137175879216,8
16.678999999997401,28580.654375267,1.4086097917136633,1.4086137175879216,1.4086137175879225,8
16.679999999997403,28580.655427852998,1.4086097917136633,1.4086137175879225,1.4086137175879234,8
16.680999999997404,28580.656480144,1.4086097917136633,1.4086137175879234,1.4086137175879241,8
16.681999999997405,28580.657532140998,1.4086097917136633,1.4086137175879241,1.4086137175879248,8
16.682999999997406,28580.658584016001,1.4086097917136633,1.4086137175879248,1.4086137175879254,8
16.683999999997408,28580.659635855998,1.4086097917136633,1.4086137175879254,1.4086137175879261,8
16.684999999997409,28580.660687868,1.4086097917136633,1.4086137175879261,1.4086137175879268,8
16.68599999999741,28580.661749141,1.4086097917136633,1.4086137175879268,1.4086137175879274,8
16.686999999997411,28580.662797429999,1.4086097917136633,1.4086137175879274,1.4086137175879279,8
16.687999999997412,28580.663849789002,1.4086097917136633,1.4086137175879279,1.4086137175879283,8
16.688999999997414,28580.664911525,1.4086097917136633,1.4086137175879283,1.4086137175879287,8
16.689999999997415,28580.665959557999,1.4086097917136633,1.4086137175879287,1.4086137175879292,8
16.690999999997416,28580.667017876,1.4086097917136633,1.4086137175879292,1.4086137175879296,8
16.691999999997417,28580.668067053,1.4086097917136633,1.4086137175879296,1.4086137175879301,8
16.692999999997419,28580.669119138001,1.4086097917136633,1.4086137175879301,1.4086137175879305,8
16.69399999999742,28580.670171181999,1.4086097917136633,1.4086137175879305,1.408613717587931,8
16.694999999997421,28580.671223090001,1.4086097917136633,1.408613717587931,1.4086137175879314,8
16.695999999997422,28580.672274667999,1.4086097917136633,1.4086137175879314,1.4086137175879316,8
16.696999999997423,28580.673335874999,1.4086097917136633,1.4086137175879316,1.4086137175879319,8
16.697999999997425,28580.674384403999,1.4086097917136633,1.4086137175879319,1.4086137175879321,8
16.698999999997426,28580.675436279998,1.4086097917136633,1.4086137175879321,1.4086137175879323,8
